"name","referenceClass","Value"
"outputQueue_Utilization","","0.9974300530719581"
"outputQueue_topic_firedetection_app_app30_RT1_class_Utilization","topic_firedetection_app_app30_RT1_class","2.134030540470813E-4"
"outputQueue_topic_firedetection_app_app22_RT1_class_Utilization","topic_firedetection_app_app22_RT1_class","2.0819918517632504E-4"
"outputQueue_topic_energymanagement_app_app4_AN1_class_Utilization","topic_energymanagement_app_app4_AN1_class","0.003600016219915487"
"outputQueue_topic_intrusiondetection_app_app45_VS1_class_Utilization","topic_intrusiondetection_app_app45_VS1_class","0.058183800072112164"
"outputQueue_topic_amazonecho_app_app7_AN1_class_Utilization","topic_amazonecho_app_app7_AN1_class","1.1431231158349806E-4"
"outputQueue_topic_smartthings_app_app1_AN1_class_Utilization","topic_smartthings_app_app1_AN1_class","2.5062040219019473E-4"
"outputQueue_topic_occupancymanagement_app_app48_VS1_class_Utilization","topic_occupancymanagement_app_app48_VS1_class","3.6556157114696206E-4"
"outputQueue_topic_bms_app_app9_AN1_class_Utilization","topic_bms_app_app9_AN1_class","0.02001839666994953"
"outputQueue_topic_amazonecho_app_app14_TS0_class_Utilization","topic_amazonecho_app_app14_TS0_class","1.1433785793202138E-4"
"outputQueue_topic_firedetection_app_app29_RT1_class_Utilization","topic_firedetection_app_app29_RT1_class","2.2381936645315042E-4"
"outputQueue_topic_printing_app_app18_TS0_class_Utilization","topic_printing_app_app18_TS0_class","7.97950963398138E-4"
"outputQueue_topic_videosurveillance_app_app35_RT1_class_Utilization","topic_videosurveillance_app_app35_RT1_class","0.016379530412128952"
"outputQueue_topic_printing_app_app14_TS0_class_Utilization","topic_printing_app_app14_TS0_class","8.057548127421784E-4"
"outputQueue_topic_videosurveillance_app_app37_VS1_class_Utilization","topic_videosurveillance_app_app37_VS1_class","0.016384788040149072"
"outputQueue_topic_smartthings_app_app11_TS0_class_Utilization","topic_smartthings_app_app11_TS0_class","2.5463975644377386E-4"
"outputQueue_topic_intrusiondetection_app_app24_RT1_class_Utilization","topic_intrusiondetection_app_app24_RT1_class","0.05836639041166978"
"outputQueue_topic_occupancymanagement_app_app12_TS0_class_Utilization","topic_occupancymanagement_app_app12_TS0_class","3.473651247373989E-4"
"outputQueue_topic_amazonecho_app_app5_AN1_class_Utilization","topic_amazonecho_app_app5_AN1_class","1.1171459473735562E-4"
"outputQueue_topic_energymanagement_app_app6_AN1_class_Utilization","topic_energymanagement_app_app6_AN1_class","0.003514930834342253"
"outputQueue_topic_occupancymanagement_app_app21_RT1_class_Utilization","topic_occupancymanagement_app_app21_RT1_class","3.4466963855359545E-4"
"outputQueue_topic_smartthings_app_app3_AN1_class_Utilization","topic_smartthings_app_app3_AN1_class","2.4158013909409985E-4"
"outputQueue_topic_smartthings_app_app34_RT1_class_Utilization","topic_smartthings_app_app34_RT1_class","2.3756601584932078E-4"
"outputQueue_topic_intrusiondetection_app_app2_AN1_class_Utilization","topic_intrusiondetection_app_app2_AN1_class","0.05846180832010075"
"outputQueue_topic_printing_app_app16_TS0_class_Utilization","topic_printing_app_app16_TS0_class","8.213415278289478E-4"
"outputQueue_topic_videosurveillance_app_app39_VS1_class_Utilization","topic_videosurveillance_app_app39_VS1_class","0.0163884554218305"
"outputQueue_topic_occupancymanagement_app_app19_TS0_class_Utilization","topic_occupancymanagement_app_app19_TS0_class","3.604230226720163E-4"
"outputQueue_topic_energymanagement_app_app9_AN1_class_Utilization","topic_energymanagement_app_app9_AN1_class","0.0035091894738928484"
"outputQueue_topic_printing_app_app11_TS0_class_Utilization","topic_printing_app_app11_TS0_class","7.750560141962432E-4"
"outputQueue_topic_bms_app_app17_TS0_class_Utilization","topic_bms_app_app17_TS0_class","0.020154052077796452"
"outputQueue_topic_intrusiondetection_app_app41_VS1_class_Utilization","topic_intrusiondetection_app_app41_VS1_class","0.058626687009278006"
"outputQueue_topic_occupancymanagement_app_app44_VS1_class_Utilization","topic_occupancymanagement_app_app44_VS1_class","3.4989830122284925E-4"
"outputQueue_topic_occupancymanagement_app_app8_AN1_class_Utilization","topic_occupancymanagement_app_app8_AN1_class","3.733960083803967E-4"
"outputQueue_topic_energymanagement_app_app32_RT1_class_Utilization","topic_energymanagement_app_app32_RT1_class","0.0035894587650853135"
"outputQueue_topic_firedetection_app_app33_RT1_class_Utilization","topic_firedetection_app_app33_RT1_class","2.134036094250336E-4"
"outputQueue_topic_videosurveillance_app_app49_VS1_class_Utilization","topic_videosurveillance_app_app49_VS1_class","0.016490939237702354"
"outputQueue_topic_bms_app_app27_RT1_class_Utilization","topic_bms_app_app27_RT1_class","0.019995293857186677"
"outputQueue_topic_bms_app_app1_AN1_class_Utilization","topic_bms_app_app1_AN1_class","0.020039682987592407"
"outputQueue_topic_energymanagement_app_app24_RT1_class_Utilization","topic_energymanagement_app_app24_RT1_class","0.0035202091326821494"
"outputQueue_topic_amazonecho_app_app21_RT1_class_Utilization","topic_amazonecho_app_app21_RT1_class","1.1171401426824724E-4"
"outputQueue_topic_occupancymanagement_app_app17_TS0_class_Utilization","topic_occupancymanagement_app_app17_TS0_class","3.682573439733033E-4"
"outputQueue_topic_energymanagement_app_app7_AN1_class_Utilization","topic_energymanagement_app_app7_AN1_class","0.0037396188355093745"
"outputQueue_topic_amazonecho_app_app30_RT1_class_Utilization","topic_amazonecho_app_app30_RT1_class","1.065193972918014E-4"
"outputQueue_topic_smartthings_app_app28_RT1_class_Utilization","topic_smartthings_app_app28_RT1_class","2.571672905735421E-4"
"outputQueue_topic_energymanagement_app_app2_AN1_class_Utilization","topic_energymanagement_app_app2_AN1_class","0.003640839623962416"
"outputQueue_topic_occupancymanagement_app_app50_VS1_class_Utilization","topic_occupancymanagement_app_app50_VS1_class","3.446768385316432E-4"
"outputQueue_topic_firedetection_app_app10_AN1_class_Utilization","topic_firedetection_app_app10_AN1_class","2.0819755968009334E-4"
"outputQueue_topic_printing_app_app13_TS0_class_Utilization","topic_printing_app_app13_TS0_class","8.171839285303936E-4"
"outputQueue_topic_energymanagement_app_app30_RT1_class_Utilization","topic_energymanagement_app_app30_RT1_class","0.0035652271325260884"
"outputQueue_topic_videosurveillance_app_app4_AN1_class_Utilization","topic_videosurveillance_app_app4_AN1_class","0.01646323271311935"
"outputQueue_topic_smartthings_app_app8_AN1_class_Utilization","topic_smartthings_app_app8_AN1_class","2.4157951155857904E-4"
"outputQueue_topic_amazonecho_app_app32_RT1_class_Utilization","topic_amazonecho_app_app32_RT1_class","1.1691122987358877E-4"
"outputQueue_topic_printing_app_app5_AN1_class_Utilization","topic_printing_app_app5_AN1_class","7.570771605882388E-4"
"outputQueue_topic_bms_app_app8_AN1_class_Utilization","topic_bms_app_app8_AN1_class","0.019900893956469424"
"outputQueue_topic_intrusiondetection_app_app21_RT1_class_Utilization","topic_intrusiondetection_app_app21_RT1_class","0.058817380433886575"
"outputQueue_topic_bms_app_app12_TS0_class_Utilization","topic_bms_app_app12_TS0_class","0.01987454176596431"
"outputQueue_topic_videosurveillance_app_app7_AN1_class_Utilization","topic_videosurveillance_app_app7_AN1_class","0.016509961362452145"
"outputQueue_topic_smartthings_app_app14_TS0_class_Utilization","topic_smartthings_app_app14_TS0_class","2.494436748660379E-4"
"outputQueue_topic_printing_app_app17_TS0_class_Utilization","topic_printing_app_app17_TS0_class","7.498753808348193E-4"
"outputQueue_topic_printing_app_app15_TS0_class_Utilization","topic_printing_app_app15_TS0_class","7.454520202518169E-4"
"outputQueue_topic_videosurveillance_app_app36_VS1_class_Utilization","topic_videosurveillance_app_app36_VS1_class","0.01644291173150612"
"outputQueue_topic_energymanagement_app_app3_AN1_class_Utilization","topic_energymanagement_app_app3_AN1_class","0.0036023347489860433"
"outputQueue_topic_videosurveillance_app_app50_VS1_class_Utilization","topic_videosurveillance_app_app50_VS1_class","0.016374713085200443"
"outputQueue_topic_videosurveillance_app_app10_AN1_class_Utilization","topic_videosurveillance_app_app10_AN1_class","0.016462250340416564"
"outputQueue_topic_videosurveillance_app_app26_RT1_class_Utilization","topic_videosurveillance_app_app26_RT1_class","0.016448672339095933"
"outputQueue_topic_smartthings_app_app35_RT1_class_Utilization","topic_smartthings_app_app35_RT1_class","2.5456699607061544E-4"
"outputQueue_topic_energymanagement_app_app12_TS0_class_Utilization","topic_energymanagement_app_app12_TS0_class","0.003593251791045704"
"outputQueue_topic_amazonecho_app_app10_AN1_class_Utilization","topic_amazonecho_app_app10_AN1_class","1.1431409351647555E-4"
"outputQueue_topic_videosurveillance_app_app38_VS1_class_Utilization","topic_videosurveillance_app_app38_VS1_class","0.0164887028002986"
"outputQueue_topic_occupancymanagement_app_app42_VS1_class_Utilization","topic_occupancymanagement_app_app42_VS1_class","3.7339308341217866E-4"
"outputQueue_topic_firedetection_app_app1_AN1_class_Utilization","topic_firedetection_app_app1_AN1_class","2.29016123633301E-4"
"outputQueue_topic_smartthings_app_app21_RT1_class_Utilization","topic_smartthings_app_app21_RT1_class","2.3898312398093718E-4"
"outputQueue_topic_occupancymanagement_app_app34_RT1_class_Utilization","topic_occupancymanagement_app_app34_RT1_class","3.6033832208910927E-4"
"outputQueue_topic_firedetection_app_app31_RT1_class_Utilization","topic_firedetection_app_app31_RT1_class","2.081959342095356E-4"
"outputQueue_topic_bms_app_app19_TS0_class_Utilization","topic_bms_app_app19_TS0_class","0.02020800514341614"
"outputQueue_topic_occupancymanagement_app_app5_AN1_class_Utilization","topic_occupancymanagement_app_app5_AN1_class","3.629532602481616E-4"
"outputQueue_topic_energymanagement_app_app10_AN1_class_Utilization","topic_energymanagement_app_app10_AN1_class","0.0036489111986895825"
"outputQueue_topic_energymanagement_app_app5_AN1_class_Utilization","topic_energymanagement_app_app5_AN1_class","0.003683827975676937"
"outputQueue_topic_printing_app_app20_TS0_class_Utilization","topic_printing_app_app20_TS0_class","7.953538418667324E-4"
"outputQueue_topic_printing_app_app2_AN1_class_Utilization","topic_printing_app_app2_AN1_class","7.668634351679555E-4"
"outputQueue_topic_bms_app_app10_AN1_class_Utilization","topic_bms_app_app10_AN1_class","0.020102529853239133"
"outputQueue_topic_energymanagement_app_app8_AN1_class_Utilization","topic_energymanagement_app_app8_AN1_class","0.0035968489233435957"
"outputQueue_topic_bms_app_app2_AN1_class_Utilization","topic_bms_app_app2_AN1_class","0.020024311004398446"
"outputQueue_topic_videosurveillance_app_app46_VS1_class_Utilization","topic_videosurveillance_app_app46_VS1_class","0.016473618445394307"
"outputQueue_topic_amazonecho_app_app19_TS0_class_Utilization","topic_amazonecho_app_app19_TS0_class","1.143381550497732E-4"
"outputQueue_topic_energymanagement_app_app33_RT1_class_Utilization","topic_energymanagement_app_app33_RT1_class","0.0036513854511434607"
"outputQueue_topic_firedetection_app_app25_RT1_class_Utilization","topic_firedetection_app_app25_RT1_class","2.1080551532542719E-4"
"outputQueue_topic_occupancymanagement_app_app43_VS1_class_Utilization","topic_occupancymanagement_app_app43_VS1_class","3.629523125162412E-4"
"outputQueue_topic_firedetection_app_app7_AN1_class_Utilization","topic_firedetection_app_app7_AN1_class","2.160111519550696E-4"
"outputQueue_topic_smartthings_app_app9_AN1_class_Utilization","topic_smartthings_app_app9_AN1_class","2.4392583927191396E-4"
"outputQueue_topic_intrusiondetection_app_app47_VS1_class_Utilization","topic_intrusiondetection_app_app47_VS1_class","0.05853398123162112"
"outputQueue_topic_printing_app_app4_AN1_class_Utilization","topic_printing_app_app4_AN1_class","7.661695256569553E-4"
"outputQueue_topic_bms_app_app30_RT1_class_Utilization","topic_bms_app_app30_RT1_class","0.020117394130594168"
"outputQueue_topic_intrusiondetection_app_app36_VS1_class_Utilization","topic_intrusiondetection_app_app36_VS1_class","0.05862254534059628"
"outputQueue_topic_amazonecho_app_app27_RT1_class_Utilization","topic_amazonecho_app_app27_RT1_class","1.1171488497423336E-4"
"outputQueue_topic_firedetection_app_app23_RT1_class_Utilization","topic_firedetection_app_app23_RT1_class","2.0299209240752319E-4"
"outputQueue_topic_printing_app_app12_TS0_class_Utilization","topic_printing_app_app12_TS0_class","8.005543137876221E-4"
"outputQueue_topic_intrusiondetection_app_app6_AN1_class_Utilization","topic_intrusiondetection_app_app6_AN1_class","0.05811464553237033"
"outputQueue_topic_energymanagement_app_app1_AN1_class_Utilization","topic_energymanagement_app_app1_AN1_class","0.003623404502401265"
"outputQueue_topic_amazonecho_app_app8_AN1_class_Utilization","topic_amazonecho_app_app8_AN1_class","1.0911771486363779E-4"
"outputQueue_topic_intrusiondetection_app_app40_VS1_class_Utilization","topic_intrusiondetection_app_app40_VS1_class","0.058470211408864485"
"outputQueue_Throughput","","12.966600814253564"
"outputQueue_topic_firedetection_app_app30_RT1_class_Throughput","topic_firedetection_app_app30_RT1_class","0.002774239702627727"
"outputQueue_topic_firedetection_app_app22_RT1_class_Throughput","topic_firedetection_app_app22_RT1_class","0.0027065894073062106"
"outputQueue_topic_energymanagement_app_app4_AN1_class_Throughput","topic_energymanagement_app_app4_AN1_class","0.04805796280675538"
"outputQueue_topic_intrusiondetection_app_app45_VS1_class_Throughput","topic_intrusiondetection_app_app45_VS1_class","0.7559034013526749"
"outputQueue_topic_amazonecho_app_app7_AN1_class_Throughput","topic_amazonecho_app_app7_AN1_class","0.0014860600505938347"
"outputQueue_topic_smartthings_app_app1_AN1_class_Throughput","topic_smartthings_app_app1_AN1_class","0.003258065228491561"
"outputQueue_topic_occupancymanagement_app_app48_VS1_class_Throughput","topic_occupancymanagement_app_app48_VS1_class","0.00475230042493742"
"outputQueue_topic_bms_app_app9_AN1_class_Throughput","topic_bms_app_app9_AN1_class","0.2591773618080362"
"outputQueue_topic_amazonecho_app_app14_TS0_class_Throughput","topic_amazonecho_app_app14_TS0_class","0.0014863921531250391"
"outputQueue_topic_firedetection_app_app29_RT1_class_Throughput","topic_firedetection_app_app29_RT1_class","0.0029096517639058948"
"outputQueue_topic_printing_app_app18_TS0_class_Throughput","topic_printing_app_app18_TS0_class","0.010373362524224706"
"outputQueue_topic_videosurveillance_app_app35_RT1_class_Throughput","topic_videosurveillance_app_app35_RT1_class","0.21422226436834707"
"outputQueue_topic_printing_app_app14_TS0_class_Throughput","topic_printing_app_app14_TS0_class","0.010474812565700303"
"outputQueue_topic_videosurveillance_app_app37_VS1_class_Throughput","topic_videosurveillance_app_app37_VS1_class","0.21288898660772448"
"outputQueue_topic_smartthings_app_app11_TS0_class_Throughput","topic_smartthings_app_app11_TS0_class","0.003310316833785701"
"outputQueue_topic_intrusiondetection_app_app24_RT1_class_Throughput","topic_intrusiondetection_app_app24_RT1_class","0.7587111318965026"
"outputQueue_topic_occupancymanagement_app_app12_TS0_class_Throughput","topic_occupancymanagement_app_app12_TS0_class","0.0045157466216097595"
"outputQueue_topic_amazonecho_app_app5_AN1_class_Throughput","topic_amazonecho_app_app5_AN1_class","0.001452289731593891"
"outputQueue_topic_energymanagement_app_app6_AN1_class_Throughput","topic_energymanagement_app_app6_AN1_class","0.046537424736286304"
"outputQueue_topic_occupancymanagement_app_app21_RT1_class_Throughput","topic_occupancymanagement_app_app21_RT1_class","0.004480705301219501"
"outputQueue_topic_smartthings_app_app3_AN1_class_Throughput","topic_smartthings_app_app3_AN1_class","0.0031405418082402718"
"outputQueue_topic_smartthings_app_app34_RT1_class_Throughput","topic_smartthings_app_app34_RT1_class","0.0030883582060581313"
"outputQueue_topic_intrusiondetection_app_app2_AN1_class_Throughput","topic_intrusiondetection_app_app2_AN1_class","0.7601933428389392"
"outputQueue_topic_printing_app_app16_TS0_class_Throughput","topic_printing_app_app16_TS0_class","0.01067743986182926"
"outputQueue_topic_videosurveillance_app_app39_VS1_class_Throughput","topic_videosurveillance_app_app39_VS1_class","0.21398612126062125"
"outputQueue_topic_occupancymanagement_app_app19_TS0_class_Throughput","topic_occupancymanagement_app_app19_TS0_class","0.004685499294760149"
"outputQueue_topic_energymanagement_app_app9_AN1_class_Throughput","topic_energymanagement_app_app9_AN1_class","0.04643121523760171"
"outputQueue_topic_printing_app_app11_TS0_class_Throughput","topic_printing_app_app11_TS0_class","0.010792637612551354"
"outputQueue_topic_bms_app_app17_TS0_class_Throughput","topic_bms_app_app17_TS0_class","0.26160882678321973"
"outputQueue_topic_intrusiondetection_app_app41_VS1_class_Throughput","topic_intrusiondetection_app_app41_VS1_class","0.7552725270695931"
"outputQueue_topic_occupancymanagement_app_app44_VS1_class_Throughput","topic_occupancymanagement_app_app44_VS1_class","0.004548677915921404"
"outputQueue_topic_occupancymanagement_app_app8_AN1_class_Throughput","topic_occupancymanagement_app_app8_AN1_class","0.004854148108971859"
"outputQueue_topic_energymanagement_app_app32_RT1_class_Throughput","topic_energymanagement_app_app32_RT1_class","0.04715361005739003"
"outputQueue_topic_firedetection_app_app33_RT1_class_Throughput","topic_firedetection_app_app33_RT1_class","0.0027742469225395063"
"outputQueue_topic_videosurveillance_app_app49_VS1_class_Throughput","topic_videosurveillance_app_app49_VS1_class","0.21541387940016934"
"outputQueue_topic_bms_app_app27_RT1_class_Throughput","topic_bms_app_app27_RT1_class","0.2584414508011003"
"outputQueue_topic_bms_app_app1_AN1_class_Throughput","topic_bms_app_app1_AN1_class","0.2617271270320752"
"outputQueue_topic_energymanagement_app_app24_RT1_class_Throughput","topic_energymanagement_app_app24_RT1_class","0.047311275064399645"
"outputQueue_topic_amazonecho_app_app21_RT1_class_Throughput","topic_amazonecho_app_app21_RT1_class","0.0014522821854954819"
"outputQueue_topic_occupancymanagement_app_app17_TS0_class_Throughput","topic_occupancymanagement_app_app17_TS0_class","0.004787345471678663"
"outputQueue_topic_energymanagement_app_app7_AN1_class_Throughput","topic_energymanagement_app_app7_AN1_class","0.047588609937924964"
"outputQueue_topic_amazonecho_app_app30_RT1_class_Throughput","topic_amazonecho_app_app30_RT1_class","0.001384752164800703"
"outputQueue_topic_smartthings_app_app28_RT1_class_Throughput","topic_smartthings_app_app28_RT1_class","0.003343174777473574"
"outputQueue_topic_energymanagement_app_app2_AN1_class_Throughput","topic_energymanagement_app_app2_AN1_class","0.04725675654289798"
"outputQueue_topic_occupancymanagement_app_app50_VS1_class_Throughput","topic_occupancymanagement_app_app50_VS1_class","0.004480798900936932"
"outputQueue_topic_firedetection_app_app10_AN1_class_Throughput","topic_firedetection_app_app10_AN1_class","0.0027065682758570984"
"outputQueue_topic_printing_app_app13_TS0_class_Throughput","topic_printing_app_app13_TS0_class","0.010623391070943936"
"outputQueue_topic_energymanagement_app_app30_RT1_class_Throughput","topic_energymanagement_app_app30_RT1_class","0.04694389530061949"
"outputQueue_topic_videosurveillance_app_app4_AN1_class_Throughput","topic_videosurveillance_app_app4_AN1_class","0.21551483354702805"
"outputQueue_topic_smartthings_app_app8_AN1_class_Throughput","topic_smartthings_app_app8_AN1_class","0.0031405336502773034"
"outputQueue_topic_amazonecho_app_app32_RT1_class_Throughput","topic_amazonecho_app_app32_RT1_class","0.0015198459883647068"
"outputQueue_topic_printing_app_app5_AN1_class_Throughput","topic_printing_app_app5_AN1_class","0.010650860429415723"
"outputQueue_topic_bms_app_app8_AN1_class_Throughput","topic_bms_app_app8_AN1_class","0.25890734378392677"
"outputQueue_topic_intrusiondetection_app_app21_RT1_class_Throughput","topic_intrusiondetection_app_app21_RT1_class","0.7622470288345427"
"outputQueue_topic_bms_app_app12_TS0_class_Throughput","topic_bms_app_app12_TS0_class","0.2578891857427596"
"outputQueue_topic_videosurveillance_app_app7_AN1_class_Throughput","topic_videosurveillance_app_app7_AN1_class","0.21439799583335392"
"outputQueue_topic_smartthings_app_app14_TS0_class_Throughput","topic_smartthings_app_app14_TS0_class","0.003242767773275748"
"outputQueue_topic_printing_app_app17_TS0_class_Throughput","topic_printing_app_app17_TS0_class","0.010555781102432635"
"outputQueue_topic_printing_app_app15_TS0_class_Throughput","topic_printing_app_app15_TS0_class","0.010204362205715163"
"outputQueue_topic_videosurveillance_app_app36_VS1_class_Throughput","topic_videosurveillance_app_app36_VS1_class","0.21720546255341178"
"outputQueue_topic_energymanagement_app_app3_AN1_class_Throughput","topic_energymanagement_app_app3_AN1_class","0.04792550392090379"
"outputQueue_topic_videosurveillance_app_app50_VS1_class_Throughput","topic_videosurveillance_app_app50_VS1_class","0.21396597328087366"
"outputQueue_topic_videosurveillance_app_app10_AN1_class_Throughput","topic_videosurveillance_app_app10_AN1_class","0.21471242552719413"
"outputQueue_topic_videosurveillance_app_app26_RT1_class_Throughput","topic_videosurveillance_app_app26_RT1_class","0.21426402726495372"
"outputQueue_topic_smartthings_app_app35_RT1_class_Throughput","topic_smartthings_app_app35_RT1_class","0.0033093709489350354"
"outputQueue_topic_energymanagement_app_app12_TS0_class_Throughput","topic_energymanagement_app_app12_TS0_class","0.04723819784352952"
"outputQueue_topic_amazonecho_app_app10_AN1_class_Throughput","topic_amazonecho_app_app10_AN1_class","0.0014860832157221429"
"outputQueue_topic_videosurveillance_app_app38_VS1_class_Throughput","topic_videosurveillance_app_app38_VS1_class","0.2143441390537433"
"outputQueue_topic_occupancymanagement_app_app42_VS1_class_Throughput","topic_occupancymanagement_app_app42_VS1_class","0.004854110084384523"
"outputQueue_topic_firedetection_app_app1_AN1_class_Throughput","topic_firedetection_app_app1_AN1_class","0.002977209607248436"
"outputQueue_topic_smartthings_app_app21_RT1_class_Throughput","topic_smartthings_app_app21_RT1_class","0.0031067806117698635"
"outputQueue_topic_occupancymanagement_app_app34_RT1_class_Throughput","topic_occupancymanagement_app_app34_RT1_class","0.0046843981871814485"
"outputQueue_topic_firedetection_app_app31_RT1_class_Throughput","topic_firedetection_app_app31_RT1_class","0.002706547144737948"
"outputQueue_topic_bms_app_app19_TS0_class_Throughput","topic_bms_app_app19_TS0_class","0.26218236696500213"
"outputQueue_topic_occupancymanagement_app_app5_AN1_class_Throughput","topic_occupancymanagement_app_app5_AN1_class","0.004718392383250715"
"outputQueue_topic_energymanagement_app_app10_AN1_class_Throughput","topic_energymanagement_app_app10_AN1_class","0.04753993657852695"
"outputQueue_topic_energymanagement_app_app5_AN1_class_Throughput","topic_energymanagement_app_app5_AN1_class","0.047318474974846106"
"outputQueue_topic_printing_app_app20_TS0_class_Throughput","topic_printing_app_app20_TS0_class","0.010339599944320835"
"outputQueue_topic_printing_app_app2_AN1_class_Throughput","topic_printing_app_app2_AN1_class","0.010438119846174466"
"outputQueue_topic_bms_app_app10_AN1_class_Throughput","topic_bms_app_app10_AN1_class","0.26305631771647986"
"outputQueue_topic_energymanagement_app_app8_AN1_class_Throughput","topic_energymanagement_app_app8_AN1_class","0.047445703942901284"
"outputQueue_topic_bms_app_app2_AN1_class_Throughput","topic_bms_app_app2_AN1_class","0.2610353047105697"
"outputQueue_topic_videosurveillance_app_app46_VS1_class_Throughput","topic_videosurveillance_app_app46_VS1_class","0.21613164480622726"
"outputQueue_topic_amazonecho_app_app19_TS0_class_Throughput","topic_amazonecho_app_app19_TS0_class","0.0014863960156554135"
"outputQueue_topic_energymanagement_app_app33_RT1_class_Throughput","topic_energymanagement_app_app33_RT1_class","0.04776181067409003"
"outputQueue_topic_firedetection_app_app25_RT1_class_Throughput","topic_firedetection_app_app25_RT1_class","0.002740471699245331"
"outputQueue_topic_occupancymanagement_app_app43_VS1_class_Throughput","topic_occupancymanagement_app_app43_VS1_class","0.0047183800627368525"
"outputQueue_topic_firedetection_app_app7_AN1_class_Throughput","topic_firedetection_app_app7_AN1_class","0.002808144975429767"
"outputQueue_topic_smartthings_app_app9_AN1_class_Throughput","topic_smartthings_app_app9_AN1_class","0.0031710359105525114"
"outputQueue_topic_intrusiondetection_app_app47_VS1_class_Throughput","topic_intrusiondetection_app_app47_VS1_class","0.7620085204119839"
"outputQueue_topic_printing_app_app4_AN1_class_Throughput","topic_printing_app_app4_AN1_class","0.010505653193631136"
"outputQueue_topic_bms_app_app30_RT1_class_Throughput","topic_bms_app_app30_RT1_class","0.26046931730681855"
"outputQueue_topic_intrusiondetection_app_app36_VS1_class_Throughput","topic_intrusiondetection_app_app36_VS1_class","0.7615034351574941"
"outputQueue_topic_amazonecho_app_app27_RT1_class_Throughput","topic_amazonecho_app_app27_RT1_class","0.001452293504672503"
"outputQueue_topic_firedetection_app_app23_RT1_class_Throughput","topic_firedetection_app_app23_RT1_class","0.0026388972013112015"
"outputQueue_topic_printing_app_app12_TS0_class_Throughput","topic_printing_app_app12_TS0_class","0.010407206079288089"
"outputQueue_topic_intrusiondetection_app_app6_AN1_class_Throughput","topic_intrusiondetection_app_app6_AN1_class","0.7547195336843611"
"outputQueue_topic_energymanagement_app_app1_AN1_class_Throughput","topic_energymanagement_app_app1_AN1_class","0.04803396991871095"
"outputQueue_topic_amazonecho_app_app8_AN1_class_Throughput","topic_amazonecho_app_app8_AN1_class","0.0014185302932346682"
"outputQueue_topic_intrusiondetection_app_app40_VS1_class_Throughput","topic_intrusiondetection_app_app40_VS1_class","0.7635166618838974"
"outputQueue_Drop Rate","","0.0"
"outputQueue_topic_firedetection_app_app30_RT1_class_Drop Rate","topic_firedetection_app_app30_RT1_class","0.0"
"outputQueue_topic_firedetection_app_app22_RT1_class_Drop Rate","topic_firedetection_app_app22_RT1_class","0.0"
"outputQueue_topic_energymanagement_app_app4_AN1_class_Drop Rate","topic_energymanagement_app_app4_AN1_class","0.0"
"outputQueue_topic_intrusiondetection_app_app45_VS1_class_Drop Rate","topic_intrusiondetection_app_app45_VS1_class","0.0"
"outputQueue_topic_amazonecho_app_app7_AN1_class_Drop Rate","topic_amazonecho_app_app7_AN1_class","0.0"
"outputQueue_topic_smartthings_app_app1_AN1_class_Drop Rate","topic_smartthings_app_app1_AN1_class","0.0"
"outputQueue_topic_occupancymanagement_app_app48_VS1_class_Drop Rate","topic_occupancymanagement_app_app48_VS1_class","0.0"
"outputQueue_topic_bms_app_app9_AN1_class_Drop Rate","topic_bms_app_app9_AN1_class","0.0"
"outputQueue_topic_amazonecho_app_app14_TS0_class_Drop Rate","topic_amazonecho_app_app14_TS0_class","0.0"
"outputQueue_topic_firedetection_app_app29_RT1_class_Drop Rate","topic_firedetection_app_app29_RT1_class","0.0"
"outputQueue_topic_printing_app_app18_TS0_class_Drop Rate","topic_printing_app_app18_TS0_class","0.0"
"outputQueue_topic_videosurveillance_app_app35_RT1_class_Drop Rate","topic_videosurveillance_app_app35_RT1_class","0.0"
"outputQueue_topic_printing_app_app14_TS0_class_Drop Rate","topic_printing_app_app14_TS0_class","0.0"
"outputQueue_topic_videosurveillance_app_app37_VS1_class_Drop Rate","topic_videosurveillance_app_app37_VS1_class","0.0"
"outputQueue_topic_smartthings_app_app11_TS0_class_Drop Rate","topic_smartthings_app_app11_TS0_class","0.0"
"outputQueue_topic_intrusiondetection_app_app24_RT1_class_Drop Rate","topic_intrusiondetection_app_app24_RT1_class","0.0"
"outputQueue_topic_occupancymanagement_app_app12_TS0_class_Drop Rate","topic_occupancymanagement_app_app12_TS0_class","0.0"
"outputQueue_topic_amazonecho_app_app5_AN1_class_Drop Rate","topic_amazonecho_app_app5_AN1_class","0.0"
"outputQueue_topic_energymanagement_app_app6_AN1_class_Drop Rate","topic_energymanagement_app_app6_AN1_class","0.0"
"outputQueue_topic_occupancymanagement_app_app21_RT1_class_Drop Rate","topic_occupancymanagement_app_app21_RT1_class","0.0"
"outputQueue_topic_smartthings_app_app3_AN1_class_Drop Rate","topic_smartthings_app_app3_AN1_class","0.0"
"outputQueue_topic_smartthings_app_app34_RT1_class_Drop Rate","topic_smartthings_app_app34_RT1_class","0.0"
"outputQueue_topic_intrusiondetection_app_app2_AN1_class_Drop Rate","topic_intrusiondetection_app_app2_AN1_class","0.0"
"outputQueue_topic_printing_app_app16_TS0_class_Drop Rate","topic_printing_app_app16_TS0_class","0.0"
"outputQueue_topic_videosurveillance_app_app39_VS1_class_Drop Rate","topic_videosurveillance_app_app39_VS1_class","0.0"
"outputQueue_topic_occupancymanagement_app_app19_TS0_class_Drop Rate","topic_occupancymanagement_app_app19_TS0_class","0.0"
"outputQueue_topic_energymanagement_app_app9_AN1_class_Drop Rate","topic_energymanagement_app_app9_AN1_class","0.0"
"outputQueue_topic_printing_app_app11_TS0_class_Drop Rate","topic_printing_app_app11_TS0_class","0.0"
"outputQueue_topic_bms_app_app17_TS0_class_Drop Rate","topic_bms_app_app17_TS0_class","0.0"
"outputQueue_topic_intrusiondetection_app_app41_VS1_class_Drop Rate","topic_intrusiondetection_app_app41_VS1_class","0.0"
"outputQueue_topic_occupancymanagement_app_app44_VS1_class_Drop Rate","topic_occupancymanagement_app_app44_VS1_class","0.0"
"outputQueue_topic_occupancymanagement_app_app8_AN1_class_Drop Rate","topic_occupancymanagement_app_app8_AN1_class","0.0"
"outputQueue_topic_energymanagement_app_app32_RT1_class_Drop Rate","topic_energymanagement_app_app32_RT1_class","0.0"
"outputQueue_topic_firedetection_app_app33_RT1_class_Drop Rate","topic_firedetection_app_app33_RT1_class","0.0"
"outputQueue_topic_videosurveillance_app_app49_VS1_class_Drop Rate","topic_videosurveillance_app_app49_VS1_class","0.0"
"outputQueue_topic_bms_app_app27_RT1_class_Drop Rate","topic_bms_app_app27_RT1_class","0.0"
"outputQueue_topic_bms_app_app1_AN1_class_Drop Rate","topic_bms_app_app1_AN1_class","0.0"
"outputQueue_topic_energymanagement_app_app24_RT1_class_Drop Rate","topic_energymanagement_app_app24_RT1_class","0.0"
"outputQueue_topic_amazonecho_app_app21_RT1_class_Drop Rate","topic_amazonecho_app_app21_RT1_class","0.0"
"outputQueue_topic_occupancymanagement_app_app17_TS0_class_Drop Rate","topic_occupancymanagement_app_app17_TS0_class","0.0"
"outputQueue_topic_energymanagement_app_app7_AN1_class_Drop Rate","topic_energymanagement_app_app7_AN1_class","0.0"
"outputQueue_topic_amazonecho_app_app30_RT1_class_Drop Rate","topic_amazonecho_app_app30_RT1_class","0.0"
"outputQueue_topic_smartthings_app_app28_RT1_class_Drop Rate","topic_smartthings_app_app28_RT1_class","0.0"
"outputQueue_topic_energymanagement_app_app2_AN1_class_Drop Rate","topic_energymanagement_app_app2_AN1_class","0.0"
"outputQueue_topic_occupancymanagement_app_app50_VS1_class_Drop Rate","topic_occupancymanagement_app_app50_VS1_class","0.0"
"outputQueue_topic_firedetection_app_app10_AN1_class_Drop Rate","topic_firedetection_app_app10_AN1_class","0.0"
"outputQueue_topic_printing_app_app13_TS0_class_Drop Rate","topic_printing_app_app13_TS0_class","0.0"
"outputQueue_topic_energymanagement_app_app30_RT1_class_Drop Rate","topic_energymanagement_app_app30_RT1_class","0.0"
"outputQueue_topic_videosurveillance_app_app4_AN1_class_Drop Rate","topic_videosurveillance_app_app4_AN1_class","0.0"
"outputQueue_topic_smartthings_app_app8_AN1_class_Drop Rate","topic_smartthings_app_app8_AN1_class","0.0"
"outputQueue_topic_amazonecho_app_app32_RT1_class_Drop Rate","topic_amazonecho_app_app32_RT1_class","0.0"
"outputQueue_topic_printing_app_app5_AN1_class_Drop Rate","topic_printing_app_app5_AN1_class","0.0"
"outputQueue_topic_bms_app_app8_AN1_class_Drop Rate","topic_bms_app_app8_AN1_class","0.0"
"outputQueue_topic_intrusiondetection_app_app21_RT1_class_Drop Rate","topic_intrusiondetection_app_app21_RT1_class","0.0"
"outputQueue_topic_bms_app_app12_TS0_class_Drop Rate","topic_bms_app_app12_TS0_class","0.0"
"outputQueue_topic_videosurveillance_app_app7_AN1_class_Drop Rate","topic_videosurveillance_app_app7_AN1_class","0.0"
"outputQueue_topic_smartthings_app_app14_TS0_class_Drop Rate","topic_smartthings_app_app14_TS0_class","0.0"
"outputQueue_topic_printing_app_app17_TS0_class_Drop Rate","topic_printing_app_app17_TS0_class","0.0"
"outputQueue_topic_printing_app_app15_TS0_class_Drop Rate","topic_printing_app_app15_TS0_class","0.0"
"outputQueue_topic_videosurveillance_app_app36_VS1_class_Drop Rate","topic_videosurveillance_app_app36_VS1_class","0.0"
"outputQueue_topic_energymanagement_app_app3_AN1_class_Drop Rate","topic_energymanagement_app_app3_AN1_class","0.0"
"outputQueue_topic_videosurveillance_app_app50_VS1_class_Drop Rate","topic_videosurveillance_app_app50_VS1_class","0.0"
"outputQueue_topic_videosurveillance_app_app10_AN1_class_Drop Rate","topic_videosurveillance_app_app10_AN1_class","0.0"
"outputQueue_topic_videosurveillance_app_app26_RT1_class_Drop Rate","topic_videosurveillance_app_app26_RT1_class","0.0"
"outputQueue_topic_smartthings_app_app35_RT1_class_Drop Rate","topic_smartthings_app_app35_RT1_class","0.0"
"outputQueue_topic_energymanagement_app_app12_TS0_class_Drop Rate","topic_energymanagement_app_app12_TS0_class","0.0"
"outputQueue_topic_amazonecho_app_app10_AN1_class_Drop Rate","topic_amazonecho_app_app10_AN1_class","0.0"
"outputQueue_topic_videosurveillance_app_app38_VS1_class_Drop Rate","topic_videosurveillance_app_app38_VS1_class","0.0"
"outputQueue_topic_occupancymanagement_app_app42_VS1_class_Drop Rate","topic_occupancymanagement_app_app42_VS1_class","0.0"
"outputQueue_topic_firedetection_app_app1_AN1_class_Drop Rate","topic_firedetection_app_app1_AN1_class","0.0"
"outputQueue_topic_smartthings_app_app21_RT1_class_Drop Rate","topic_smartthings_app_app21_RT1_class","0.0"
"outputQueue_topic_occupancymanagement_app_app34_RT1_class_Drop Rate","topic_occupancymanagement_app_app34_RT1_class","0.0"
"outputQueue_topic_firedetection_app_app31_RT1_class_Drop Rate","topic_firedetection_app_app31_RT1_class","0.0"
"outputQueue_topic_bms_app_app19_TS0_class_Drop Rate","topic_bms_app_app19_TS0_class","0.0"
"outputQueue_topic_occupancymanagement_app_app5_AN1_class_Drop Rate","topic_occupancymanagement_app_app5_AN1_class","0.0"
"outputQueue_topic_energymanagement_app_app10_AN1_class_Drop Rate","topic_energymanagement_app_app10_AN1_class","0.0"
"outputQueue_topic_energymanagement_app_app5_AN1_class_Drop Rate","topic_energymanagement_app_app5_AN1_class","0.0"
"outputQueue_topic_printing_app_app20_TS0_class_Drop Rate","topic_printing_app_app20_TS0_class","0.0"
"outputQueue_topic_printing_app_app2_AN1_class_Drop Rate","topic_printing_app_app2_AN1_class","0.0"
"outputQueue_topic_bms_app_app10_AN1_class_Drop Rate","topic_bms_app_app10_AN1_class","0.0"
"outputQueue_topic_energymanagement_app_app8_AN1_class_Drop Rate","topic_energymanagement_app_app8_AN1_class","0.0"
"outputQueue_topic_bms_app_app2_AN1_class_Drop Rate","topic_bms_app_app2_AN1_class","0.0"
"outputQueue_topic_videosurveillance_app_app46_VS1_class_Drop Rate","topic_videosurveillance_app_app46_VS1_class","0.0"
"outputQueue_topic_amazonecho_app_app19_TS0_class_Drop Rate","topic_amazonecho_app_app19_TS0_class","0.0"
"outputQueue_topic_energymanagement_app_app33_RT1_class_Drop Rate","topic_energymanagement_app_app33_RT1_class","0.0"
"outputQueue_topic_firedetection_app_app25_RT1_class_Drop Rate","topic_firedetection_app_app25_RT1_class","0.0"
"outputQueue_topic_occupancymanagement_app_app43_VS1_class_Drop Rate","topic_occupancymanagement_app_app43_VS1_class","0.0"
"outputQueue_topic_firedetection_app_app7_AN1_class_Drop Rate","topic_firedetection_app_app7_AN1_class","0.0"
"outputQueue_topic_smartthings_app_app9_AN1_class_Drop Rate","topic_smartthings_app_app9_AN1_class","0.0"
"outputQueue_topic_intrusiondetection_app_app47_VS1_class_Drop Rate","topic_intrusiondetection_app_app47_VS1_class","0.0"
"outputQueue_topic_printing_app_app4_AN1_class_Drop Rate","topic_printing_app_app4_AN1_class","0.0"
"outputQueue_topic_bms_app_app30_RT1_class_Drop Rate","topic_bms_app_app30_RT1_class","0.0"
"outputQueue_topic_intrusiondetection_app_app36_VS1_class_Drop Rate","topic_intrusiondetection_app_app36_VS1_class","0.0"
"outputQueue_topic_amazonecho_app_app27_RT1_class_Drop Rate","topic_amazonecho_app_app27_RT1_class","0.0"
"outputQueue_topic_firedetection_app_app23_RT1_class_Drop Rate","topic_firedetection_app_app23_RT1_class","0.0"
"outputQueue_topic_printing_app_app12_TS0_class_Drop Rate","topic_printing_app_app12_TS0_class","0.0"
"outputQueue_topic_intrusiondetection_app_app6_AN1_class_Drop Rate","topic_intrusiondetection_app_app6_AN1_class","0.0"
"outputQueue_topic_energymanagement_app_app1_AN1_class_Drop Rate","topic_energymanagement_app_app1_AN1_class","0.0"
"outputQueue_topic_amazonecho_app_app8_AN1_class_Drop Rate","topic_amazonecho_app_app8_AN1_class","0.0"
"outputQueue_topic_intrusiondetection_app_app40_VS1_class_Drop Rate","topic_intrusiondetection_app_app40_VS1_class","0.0"
"finite_capacity_region_topic_firedetection_app_app30_RT1_class_Response Time","topic_firedetection_app_app30_RT1_class","6.150080029745205"
"finite_capacity_region_topic_firedetection_app_app22_RT1_class_Response Time","topic_firedetection_app_app22_RT1_class","6.086553868420416"
"finite_capacity_region_topic_energymanagement_app_app4_AN1_class_Response Time","topic_energymanagement_app_app4_AN1_class","6.392091655721981"
"finite_capacity_region_topic_intrusiondetection_app_app45_VS1_class_Response Time","topic_intrusiondetection_app_app45_VS1_class","6.329159065103583"
"finite_capacity_region_topic_amazonecho_app_app7_AN1_class_Response Time","topic_amazonecho_app_app7_AN1_class","5.914744927475707"
"finite_capacity_region_topic_smartthings_app_app1_AN1_class_Response Time","topic_smartthings_app_app1_AN1_class","6.5094833220898485"
"finite_capacity_region_topic_occupancymanagement_app_app48_VS1_class_Response Time","topic_occupancymanagement_app_app48_VS1_class","6.482537250326933"
"finite_capacity_region_topic_bms_app_app9_AN1_class_Response Time","topic_bms_app_app9_AN1_class","6.428958997027214"
"finite_capacity_region_topic_amazonecho_app_app14_TS0_class_Response Time","topic_amazonecho_app_app14_TS0_class","0.17040047674470962"
"finite_capacity_region_topic_firedetection_app_app29_RT1_class_Response Time","topic_firedetection_app_app29_RT1_class","6.188885221895454"
"finite_capacity_region_topic_printing_app_app18_TS0_class_Response Time","topic_printing_app_app18_TS0_class","0.4126818778439556"
"finite_capacity_region_topic_videosurveillance_app_app35_RT1_class_Response Time","topic_videosurveillance_app_app35_RT1_class","6.317184474895158"
"finite_capacity_region_topic_printing_app_app14_TS0_class_Response Time","topic_printing_app_app14_TS0_class","0.4163095898264274"
"finite_capacity_region_topic_videosurveillance_app_app37_VS1_class_Response Time","topic_videosurveillance_app_app37_VS1_class","6.280322017250693"
"finite_capacity_region_topic_smartthings_app_app11_TS0_class_Response Time","topic_smartthings_app_app11_TS0_class","0.16802810061655996"
"finite_capacity_region_topic_intrusiondetection_app_app24_RT1_class_Response Time","topic_intrusiondetection_app_app24_RT1_class","6.32919469757442"
"finite_capacity_region_topic_occupancymanagement_app_app12_TS0_class_Response Time","topic_occupancymanagement_app_app12_TS0_class","0.1880009769090343"
"finite_capacity_region_topic_amazonecho_app_app5_AN1_class_Response Time","topic_amazonecho_app_app5_AN1_class","5.8394305643130835"
"finite_capacity_region_topic_energymanagement_app_app6_AN1_class_Response Time","topic_energymanagement_app_app6_AN1_class","6.305403378724654"
"finite_capacity_region_topic_occupancymanagement_app_app21_RT1_class_Response Time","topic_occupancymanagement_app_app21_RT1_class","6.3572987196024835"
"finite_capacity_region_topic_smartthings_app_app3_AN1_class_Response Time","topic_smartthings_app_app3_AN1_class","6.426050014641184"
"finite_capacity_region_topic_smartthings_app_app34_RT1_class_Response Time","topic_smartthings_app_app34_RT1_class","6.428649907817823"
"finite_capacity_region_topic_intrusiondetection_app_app2_AN1_class_Response Time","topic_intrusiondetection_app_app2_AN1_class","6.333504913839941"
"finite_capacity_region_topic_printing_app_app16_TS0_class_Response Time","topic_printing_app_app16_TS0_class","0.40880113638374005"
"finite_capacity_region_topic_videosurveillance_app_app39_VS1_class_Response Time","topic_videosurveillance_app_app39_VS1_class","6.256822866277447"
"finite_capacity_region_topic_occupancymanagement_app_app19_TS0_class_Response Time","topic_occupancymanagement_app_app19_TS0_class","0.19416795214171165"
"finite_capacity_region_topic_energymanagement_app_app9_AN1_class_Response Time","topic_energymanagement_app_app9_AN1_class","6.312102458609807"
"finite_capacity_region_topic_printing_app_app11_TS0_class_Response Time","topic_printing_app_app11_TS0_class","0.40413495855159864"
"finite_capacity_region_topic_bms_app_app17_TS0_class_Response Time","topic_bms_app_app17_TS0_class","0.19371022917502514"
"finite_capacity_region_topic_intrusiondetection_app_app41_VS1_class_Response Time","topic_intrusiondetection_app_app41_VS1_class","6.33016433396651"
"finite_capacity_region_topic_occupancymanagement_app_app44_VS1_class_Response Time","topic_occupancymanagement_app_app44_VS1_class","6.380533955342235"
"finite_capacity_region_topic_occupancymanagement_app_app8_AN1_class_Response Time","topic_occupancymanagement_app_app8_AN1_class","6.460966020345656"
"finite_capacity_region_topic_energymanagement_app_app32_RT1_class_Response Time","topic_energymanagement_app_app32_RT1_class","6.343193228151264"
"finite_capacity_region_topic_firedetection_app_app33_RT1_class_Response Time","topic_firedetection_app_app33_RT1_class","6.131251432246639"
"finite_capacity_region_topic_videosurveillance_app_app49_VS1_class_Response Time","topic_videosurveillance_app_app49_VS1_class","6.300907045705753"
"finite_capacity_region_topic_bms_app_app27_RT1_class_Response Time","topic_bms_app_app27_RT1_class","6.443692701672052"
"finite_capacity_region_topic_bms_app_app1_AN1_class_Response Time","topic_bms_app_app1_AN1_class","6.449130694994729"
"finite_capacity_region_topic_energymanagement_app_app24_RT1_class_Response Time","topic_energymanagement_app_app24_RT1_class","6.3034052461540835"
"finite_capacity_region_topic_amazonecho_app_app21_RT1_class_Response Time","topic_amazonecho_app_app21_RT1_class","5.8555307432037615"
"finite_capacity_region_topic_occupancymanagement_app_app17_TS0_class_Response Time","topic_occupancymanagement_app_app17_TS0_class","0.2020382937504714"
"finite_capacity_region_topic_energymanagement_app_app7_AN1_class_Response Time","topic_energymanagement_app_app7_AN1_class","6.389406215333832"
"finite_capacity_region_topic_amazonecho_app_app30_RT1_class_Response Time","topic_amazonecho_app_app30_RT1_class","5.693953697659483"
"finite_capacity_region_topic_smartthings_app_app28_RT1_class_Response Time","topic_smartthings_app_app28_RT1_class","6.572930849236235"
"finite_capacity_region_topic_energymanagement_app_app2_AN1_class_Response Time","topic_energymanagement_app_app2_AN1_class","6.357644217414903"
"finite_capacity_region_topic_occupancymanagement_app_app50_VS1_class_Response Time","topic_occupancymanagement_app_app50_VS1_class","6.3750550313048855"
"finite_capacity_region_topic_firedetection_app_app10_AN1_class_Response Time","topic_firedetection_app_app10_AN1_class","6.117255905224875"
"finite_capacity_region_topic_printing_app_app13_TS0_class_Response Time","topic_printing_app_app13_TS0_class","0.42055719088796195"
"finite_capacity_region_topic_energymanagement_app_app30_RT1_class_Response Time","topic_energymanagement_app_app30_RT1_class","6.307933081519882"
"finite_capacity_region_topic_videosurveillance_app_app4_AN1_class_Response Time","topic_videosurveillance_app_app4_AN1_class","6.264535304637717"
"finite_capacity_region_topic_smartthings_app_app8_AN1_class_Response Time","topic_smartthings_app_app8_AN1_class","6.462039116624699"
"finite_capacity_region_topic_amazonecho_app_app32_RT1_class_Response Time","topic_amazonecho_app_app32_RT1_class","5.960020016861108"
"finite_capacity_region_topic_printing_app_app5_AN1_class_Response Time","topic_printing_app_app5_AN1_class","6.664345525273679"
"finite_capacity_region_topic_bms_app_app8_AN1_class_Response Time","topic_bms_app_app8_AN1_class","6.446251364975468"
"finite_capacity_region_topic_intrusiondetection_app_app21_RT1_class_Response Time","topic_intrusiondetection_app_app21_RT1_class","6.327937400251882"
"finite_capacity_region_topic_bms_app_app12_TS0_class_Response Time","topic_bms_app_app12_TS0_class","0.19538282068352586"
"finite_capacity_region_topic_videosurveillance_app_app7_AN1_class_Response Time","topic_videosurveillance_app_app7_AN1_class","6.315374470328537"
"finite_capacity_region_topic_smartthings_app_app14_TS0_class_Response Time","topic_smartthings_app_app14_TS0_class","0.1607404238681846"
"finite_capacity_region_topic_printing_app_app17_TS0_class_Response Time","topic_printing_app_app17_TS0_class","0.39327651147465365"
"finite_capacity_region_topic_printing_app_app15_TS0_class_Response Time","topic_printing_app_app15_TS0_class","0.39501422624393"
"finite_capacity_region_topic_videosurveillance_app_app36_VS1_class_Response Time","topic_videosurveillance_app_app36_VS1_class","6.322006647465405"
"finite_capacity_region_topic_energymanagement_app_app3_AN1_class_Response Time","topic_energymanagement_app_app3_AN1_class","6.352109426827264"
"finite_capacity_region_topic_videosurveillance_app_app50_VS1_class_Response Time","topic_videosurveillance_app_app50_VS1_class","6.310834665688404"
"finite_capacity_region_topic_videosurveillance_app_app10_AN1_class_Response Time","topic_videosurveillance_app_app10_AN1_class","6.32269472476497"
"finite_capacity_region_topic_videosurveillance_app_app26_RT1_class_Response Time","topic_videosurveillance_app_app26_RT1_class","6.259676425074979"
"finite_capacity_region_topic_smartthings_app_app35_RT1_class_Response Time","topic_smartthings_app_app35_RT1_class","6.568046333145169"
"finite_capacity_region_topic_energymanagement_app_app12_TS0_class_Response Time","topic_energymanagement_app_app12_TS0_class","0.12547700255261376"
"finite_capacity_region_topic_amazonecho_app_app10_AN1_class_Response Time","topic_amazonecho_app_app10_AN1_class","5.873386803219793"
"finite_capacity_region_topic_videosurveillance_app_app38_VS1_class_Response Time","topic_videosurveillance_app_app38_VS1_class","6.2678493294998665"
"finite_capacity_region_topic_occupancymanagement_app_app42_VS1_class_Response Time","topic_occupancymanagement_app_app42_VS1_class","6.502119647938719"
"finite_capacity_region_topic_firedetection_app_app1_AN1_class_Response Time","topic_firedetection_app_app1_AN1_class","6.205669874807026"
"finite_capacity_region_topic_smartthings_app_app21_RT1_class_Response Time","topic_smartthings_app_app21_RT1_class","6.422141931850574"
"finite_capacity_region_topic_occupancymanagement_app_app34_RT1_class_Response Time","topic_occupancymanagement_app_app34_RT1_class","6.4330317587653"
"finite_capacity_region_topic_firedetection_app_app31_RT1_class_Response Time","topic_firedetection_app_app31_RT1_class","6.094799915508444"
"finite_capacity_region_topic_bms_app_app19_TS0_class_Response Time","topic_bms_app_app19_TS0_class","0.19294928961762636"
"finite_capacity_region_topic_occupancymanagement_app_app5_AN1_class_Response Time","topic_occupancymanagement_app_app5_AN1_class","6.441066710956531"
"finite_capacity_region_topic_energymanagement_app_app10_AN1_class_Response Time","topic_energymanagement_app_app10_AN1_class","6.355727510832174"
"finite_capacity_region_topic_energymanagement_app_app5_AN1_class_Response Time","topic_energymanagement_app_app5_AN1_class","6.36832232649245"
"finite_capacity_region_topic_printing_app_app20_TS0_class_Response Time","topic_printing_app_app20_TS0_class","0.4095598730951851"
"finite_capacity_region_topic_printing_app_app2_AN1_class_Response Time","topic_printing_app_app2_AN1_class","6.646411842084662"
"finite_capacity_region_topic_bms_app_app10_AN1_class_Response Time","topic_bms_app_app10_AN1_class","6.426458356052527"
"finite_capacity_region_topic_energymanagement_app_app8_AN1_class_Response Time","topic_energymanagement_app_app8_AN1_class","6.323239531601664"
"finite_capacity_region_topic_bms_app_app2_AN1_class_Response Time","topic_bms_app_app2_AN1_class","6.425983355297611"
"finite_capacity_region_topic_videosurveillance_app_app46_VS1_class_Response Time","topic_videosurveillance_app_app46_VS1_class","6.309582608949586"
"finite_capacity_region_topic_amazonecho_app_app19_TS0_class_Response Time","topic_amazonecho_app_app19_TS0_class","0.16261113318934212"
"finite_capacity_region_topic_energymanagement_app_app33_RT1_class_Response Time","topic_energymanagement_app_app33_RT1_class","6.3621114181006"
"finite_capacity_region_topic_firedetection_app_app25_RT1_class_Response Time","topic_firedetection_app_app25_RT1_class","6.103236480799752"
"finite_capacity_region_topic_occupancymanagement_app_app43_VS1_class_Response Time","topic_occupancymanagement_app_app43_VS1_class","6.458021603301049"
"finite_capacity_region_topic_firedetection_app_app7_AN1_class_Response Time","topic_firedetection_app_app7_AN1_class","6.159150031476008"
"finite_capacity_region_topic_smartthings_app_app9_AN1_class_Response Time","topic_smartthings_app_app9_AN1_class","6.410879820320142"
"finite_capacity_region_topic_intrusiondetection_app_app47_VS1_class_Response Time","topic_intrusiondetection_app_app47_VS1_class","6.334271816715348"
"finite_capacity_region_topic_printing_app_app4_AN1_class_Response Time","topic_printing_app_app4_AN1_class","6.661143985075853"
"finite_capacity_region_topic_bms_app_app30_RT1_class_Response Time","topic_bms_app_app30_RT1_class","6.434873122252225"
"finite_capacity_region_topic_intrusiondetection_app_app36_VS1_class_Response Time","topic_intrusiondetection_app_app36_VS1_class","6.331982954956697"
"finite_capacity_region_topic_amazonecho_app_app27_RT1_class_Response Time","topic_amazonecho_app_app27_RT1_class","5.844446339385949"
"finite_capacity_region_topic_firedetection_app_app23_RT1_class_Response Time","topic_firedetection_app_app23_RT1_class","6.139340423317535"
"finite_capacity_region_topic_printing_app_app12_TS0_class_Response Time","topic_printing_app_app12_TS0_class","0.4009338295038122"
"finite_capacity_region_topic_intrusiondetection_app_app6_AN1_class_Response Time","topic_intrusiondetection_app_app6_AN1_class","6.322746041230852"
"finite_capacity_region_topic_energymanagement_app_app1_AN1_class_Response Time","topic_energymanagement_app_app1_AN1_class","6.371679249747524"
"finite_capacity_region_topic_amazonecho_app_app8_AN1_class_Response Time","topic_amazonecho_app_app8_AN1_class","5.761142694957647"
"finite_capacity_region_topic_intrusiondetection_app_app40_VS1_class_Response Time","topic_intrusiondetection_app_app40_VS1_class","6.328991704963183"
"finite_capacity_region_topic_firedetection_app_app30_RT1_class_Throughput","topic_firedetection_app_app30_RT1_class","0.00277493468667294"
"finite_capacity_region_topic_firedetection_app_app22_RT1_class_Throughput","topic_firedetection_app_app22_RT1_class","0.002707253352851649"
"finite_capacity_region_topic_energymanagement_app_app4_AN1_class_Throughput","topic_energymanagement_app_app4_AN1_class","0.04801440232818444"
"finite_capacity_region_topic_intrusiondetection_app_app45_VS1_class_Throughput","topic_intrusiondetection_app_app45_VS1_class","0.7576537661792906"
"finite_capacity_region_topic_amazonecho_app_app7_AN1_class_Throughput","topic_amazonecho_app_app7_AN1_class","0.0014864026293373955"
"finite_capacity_region_topic_smartthings_app_app1_AN1_class_Throughput","topic_smartthings_app_app1_AN1_class","0.0032589750849449754"
"finite_capacity_region_topic_occupancymanagement_app_app48_VS1_class_Throughput","topic_occupancymanagement_app_app48_VS1_class","0.0047534347245896105"
"finite_capacity_region_topic_bms_app_app9_AN1_class_Throughput","topic_bms_app_app9_AN1_class","0.26060238238195244"
"finite_capacity_region_topic_amazonecho_app_app14_TS0_class_Throughput","topic_amazonecho_app_app14_TS0_class","0.0014864026293373955"
"finite_capacity_region_topic_firedetection_app_app29_RT1_class_Throughput","topic_firedetection_app_app29_RT1_class","0.0029102973543155227"
"finite_capacity_region_topic_printing_app_app18_TS0_class_Throughput","topic_printing_app_app18_TS0_class","0.010373480772409554"
"finite_capacity_region_topic_videosurveillance_app_app35_RT1_class_Throughput","topic_videosurveillance_app_app35_RT1_class","0.21424503612916523"
"finite_capacity_region_topic_printing_app_app14_TS0_class_Throughput","topic_printing_app_app14_TS0_class","0.010474850291358181"
"finite_capacity_region_topic_videosurveillance_app_app37_VS1_class_Throughput","topic_videosurveillance_app_app37_VS1_class","0.21289249001153146"
"finite_capacity_region_topic_smartthings_app_app11_TS0_class_Throughput","topic_smartthings_app_app11_TS0_class","0.0033103423804673607"
"finite_capacity_region_topic_intrusiondetection_app_app24_RT1_class_Throughput","topic_intrusiondetection_app_app24_RT1_class","0.7598267769005556"
"finite_capacity_region_topic_occupancymanagement_app_app12_TS0_class_Throughput","topic_occupancymanagement_app_app12_TS0_class","0.004515762988360129"
"finite_capacity_region_topic_amazonecho_app_app5_AN1_class_Throughput","topic_amazonecho_app_app5_AN1_class","0.0014526207513979093"
"finite_capacity_region_topic_energymanagement_app_app6_AN1_class_Throughput","topic_energymanagement_app_app6_AN1_class","0.04654847939964206"
"finite_capacity_region_topic_occupancymanagement_app_app21_RT1_class_Throughput","topic_occupancymanagement_app_app21_RT1_class","0.00448180988318449"
"finite_capacity_region_topic_smartthings_app_app3_AN1_class_Throughput","topic_smartthings_app_app3_AN1_class","0.0031414473610557607"
"finite_capacity_region_topic_smartthings_app_app34_RT1_class_Throughput","topic_smartthings_app_app34_RT1_class","0.003089236799270758"
"finite_capacity_region_topic_intrusiondetection_app_app2_AN1_class_Throughput","topic_intrusiondetection_app_app2_AN1_class","0.7590826592927794"
"finite_capacity_region_topic_printing_app_app16_TS0_class_Throughput","topic_printing_app_app16_TS0_class","0.010677589329255435"
"finite_capacity_region_topic_videosurveillance_app_app39_VS1_class_Throughput","topic_videosurveillance_app_app39_VS1_class","0.21331770474158293"
"finite_capacity_region_topic_occupancymanagement_app_app19_TS0_class_Throughput","topic_occupancymanagement_app_app19_TS0_class","0.00468552851423833"
"finite_capacity_region_topic_energymanagement_app_app9_AN1_class_Throughput","topic_energymanagement_app_app9_AN1_class","0.04663099368766753"
"finite_capacity_region_topic_printing_app_app11_TS0_class_Throughput","topic_printing_app_app11_TS0_class","0.010792729123558985"
"finite_capacity_region_topic_bms_app_app17_TS0_class_Throughput","topic_bms_app_app17_TS0_class","0.2616089521878051"
"finite_capacity_region_topic_intrusiondetection_app_app41_VS1_class_Throughput","topic_intrusiondetection_app_app41_VS1_class","0.759891916092493"
"finite_capacity_region_topic_occupancymanagement_app_app44_VS1_class_Throughput","topic_occupancymanagement_app_app44_VS1_class","0.00454971609353577"
"finite_capacity_region_topic_occupancymanagement_app_app8_AN1_class_Throughput","topic_occupancymanagement_app_app8_AN1_class","0.00485529404011653"
"finite_capacity_region_topic_energymanagement_app_app32_RT1_class_Throughput","topic_energymanagement_app_app32_RT1_class","0.04718570797510777"
"finite_capacity_region_topic_firedetection_app_app33_RT1_class_Throughput","topic_firedetection_app_app33_RT1_class","0.00277493468667294"
"finite_capacity_region_topic_videosurveillance_app_app49_VS1_class_Throughput","topic_videosurveillance_app_app49_VS1_class","0.2154101736129894"
"finite_capacity_region_topic_bms_app_app27_RT1_class_Throughput","topic_bms_app_app27_RT1_class","0.2600862663975441"
"finite_capacity_region_topic_bms_app_app1_AN1_class_Throughput","topic_bms_app_app1_AN1_class","0.26173528219634073"
"finite_capacity_region_topic_energymanagement_app_app24_RT1_class_Throughput","topic_energymanagement_app_app24_RT1_class","0.04664735609062049"
"finite_capacity_region_topic_amazonecho_app_app21_RT1_class_Throughput","topic_amazonecho_app_app21_RT1_class","0.0014526207513979093"
"finite_capacity_region_topic_occupancymanagement_app_app17_TS0_class_Throughput","topic_occupancymanagement_app_app17_TS0_class","0.00478738782976525"
"finite_capacity_region_topic_energymanagement_app_app7_AN1_class_Throughput","topic_energymanagement_app_app7_AN1_class","0.04756750164748121"
"finite_capacity_region_topic_amazonecho_app_app30_RT1_class_Throughput","topic_amazonecho_app_app30_RT1_class","0.0013850569955189366"
"finite_capacity_region_topic_smartthings_app_app28_RT1_class_Throughput","topic_smartthings_app_app28_RT1_class","0.0033441213843496804"
"finite_capacity_region_topic_energymanagement_app_app2_AN1_class_Throughput","topic_energymanagement_app_app2_AN1_class","0.04722976682431086"
"finite_capacity_region_topic_occupancymanagement_app_app50_VS1_class_Throughput","topic_occupancymanagement_app_app50_VS1_class","0.00448180988318449"
"finite_capacity_region_topic_firedetection_app_app10_AN1_class_Throughput","topic_firedetection_app_app10_AN1_class","0.002707253352851649"
"finite_capacity_region_topic_printing_app_app13_TS0_class_Throughput","topic_printing_app_app13_TS0_class","0.010623564090274361"
"finite_capacity_region_topic_energymanagement_app_app30_RT1_class_Throughput","topic_energymanagement_app_app30_RT1_class","0.04689917999688805"
"finite_capacity_region_topic_videosurveillance_app_app4_AN1_class_Throughput","topic_videosurveillance_app_app4_AN1_class","0.2158659785414612"
"finite_capacity_region_topic_smartthings_app_app8_AN1_class_Throughput","topic_smartthings_app_app8_AN1_class","0.0031414473610557607"
"finite_capacity_region_topic_amazonecho_app_app32_RT1_class_Throughput","topic_amazonecho_app_app32_RT1_class","0.0015201845072768817"
"finite_capacity_region_topic_printing_app_app5_AN1_class_Throughput","topic_printing_app_app5_AN1_class","0.01065376399767855"
"finite_capacity_region_topic_bms_app_app8_AN1_class_Throughput","topic_bms_app_app8_AN1_class","0.258901057057101"
"finite_capacity_region_topic_intrusiondetection_app_app21_RT1_class_Throughput","topic_intrusiondetection_app_app21_RT1_class","0.7623230217636844"
"finite_capacity_region_topic_bms_app_app12_TS0_class_Throughput","topic_bms_app_app12_TS0_class","0.25788923452145185"
"finite_capacity_region_topic_videosurveillance_app_app7_AN1_class_Throughput","topic_videosurveillance_app_app7_AN1_class","0.21440185291917213"
"finite_capacity_region_topic_smartthings_app_app14_TS0_class_Throughput","topic_smartthings_app_app14_TS0_class","0.00324278437270272"
"finite_capacity_region_topic_printing_app_app17_TS0_class_Throughput","topic_printing_app_app17_TS0_class","0.010555898076960512"
"finite_capacity_region_topic_printing_app_app15_TS0_class_Throughput","topic_printing_app_app15_TS0_class","0.01020453157416184"
"finite_capacity_region_topic_videosurveillance_app_app36_VS1_class_Throughput","topic_videosurveillance_app_app36_VS1_class","0.21464925325799833"
"finite_capacity_region_topic_energymanagement_app_app3_AN1_class_Throughput","topic_energymanagement_app_app3_AN1_class","0.04760950223827705"
"finite_capacity_region_topic_videosurveillance_app_app50_VS1_class_Throughput","topic_videosurveillance_app_app50_VS1_class","0.21395152004335719"
"finite_capacity_region_topic_videosurveillance_app_app10_AN1_class_Throughput","topic_videosurveillance_app_app10_AN1_class","0.21474236673615738"
"finite_capacity_region_topic_videosurveillance_app_app26_RT1_class_Throughput","topic_videosurveillance_app_app26_RT1_class","0.2143714837157948"
"finite_capacity_region_topic_smartthings_app_app35_RT1_class_Throughput","topic_smartthings_app_app35_RT1_class","0.0033103423804673607"
"finite_capacity_region_topic_energymanagement_app_app12_TS0_class_Throughput","topic_energymanagement_app_app12_TS0_class","0.04723834382252862"
"finite_capacity_region_topic_amazonecho_app_app10_AN1_class_Throughput","topic_amazonecho_app_app10_AN1_class","0.0014864026293373955"
"finite_capacity_region_topic_videosurveillance_app_app38_VS1_class_Throughput","topic_videosurveillance_app_app38_VS1_class","0.21441428618545152"
"finite_capacity_region_topic_occupancymanagement_app_app42_VS1_class_Throughput","topic_occupancymanagement_app_app42_VS1_class","0.00485529404011653"
"finite_capacity_region_topic_firedetection_app_app1_AN1_class_Throughput","topic_firedetection_app_app1_AN1_class","0.0029779786881368136"
"finite_capacity_region_topic_smartthings_app_app21_RT1_class_Throughput","topic_smartthings_app_app21_RT1_class","0.00310766835717344"
"finite_capacity_region_topic_occupancymanagement_app_app34_RT1_class_Throughput","topic_occupancymanagement_app_app34_RT1_class","0.00468552851423833"
"finite_capacity_region_topic_firedetection_app_app31_RT1_class_Throughput","topic_firedetection_app_app31_RT1_class","0.002707253352851649"
"finite_capacity_region_topic_bms_app_app19_TS0_class_Throughput","topic_bms_app_app19_TS0_class","0.2621824752219152"
"finite_capacity_region_topic_occupancymanagement_app_app5_AN1_class_Throughput","topic_occupancymanagement_app_app5_AN1_class","0.00471948161941397"
"finite_capacity_region_topic_energymanagement_app_app10_AN1_class_Throughput","topic_energymanagement_app_app10_AN1_class","0.04754678037202065"
"finite_capacity_region_topic_energymanagement_app_app5_AN1_class_Throughput","topic_energymanagement_app_app5_AN1_class","0.047331345896022996"
"finite_capacity_region_topic_printing_app_app20_TS0_class_Throughput","topic_printing_app_app20_TS0_class","0.010339690932760012"
"finite_capacity_region_topic_printing_app_app2_AN1_class_Throughput","topic_printing_app_app2_AN1_class","0.01044106045170864"
"finite_capacity_region_topic_bms_app_app10_AN1_class_Throughput","topic_bms_app_app10_AN1_class","0.2629302100557421"
"finite_capacity_region_topic_energymanagement_app_app8_AN1_class_Throughput","topic_energymanagement_app_app8_AN1_class","0.04746059502118951"
"finite_capacity_region_topic_bms_app_app2_AN1_class_Throughput","topic_bms_app_app2_AN1_class","0.25888749239912445"
"finite_capacity_region_topic_videosurveillance_app_app46_VS1_class_Throughput","topic_videosurveillance_app_app46_VS1_class","0.21605632920409448"
"finite_capacity_region_topic_amazonecho_app_app19_TS0_class_Throughput","topic_amazonecho_app_app19_TS0_class","0.0014864026293373955"
"finite_capacity_region_topic_energymanagement_app_app33_RT1_class_Throughput","topic_energymanagement_app_app33_RT1_class","0.04777520415887337"
"finite_capacity_region_topic_firedetection_app_app25_RT1_class_Throughput","topic_firedetection_app_app25_RT1_class","0.0027410940197622946"
"finite_capacity_region_topic_occupancymanagement_app_app43_VS1_class_Throughput","topic_occupancymanagement_app_app43_VS1_class","0.00471948161941397"
"finite_capacity_region_topic_firedetection_app_app7_AN1_class_Throughput","topic_firedetection_app_app7_AN1_class","0.0028087753535835855"
"finite_capacity_region_topic_smartthings_app_app9_AN1_class_Throughput","topic_smartthings_app_app9_AN1_class","0.003171794028919607"
"finite_capacity_region_topic_intrusiondetection_app_app47_VS1_class_Throughput","topic_intrusiondetection_app_app47_VS1_class","0.7595655222208305"
"finite_capacity_region_topic_printing_app_app4_AN1_class_Throughput","topic_printing_app_app4_AN1_class","0.010508640131007723"
"finite_capacity_region_topic_bms_app_app30_RT1_class_Throughput","topic_bms_app_app30_RT1_class","0.2626258562748959"
"finite_capacity_region_topic_intrusiondetection_app_app36_VS1_class_Throughput","topic_intrusiondetection_app_app36_VS1_class","0.7638475479827118"
"finite_capacity_region_topic_amazonecho_app_app27_RT1_class_Throughput","topic_amazonecho_app_app27_RT1_class","0.0014526207513979093"
"finite_capacity_region_topic_firedetection_app_app23_RT1_class_Throughput","topic_firedetection_app_app23_RT1_class","0.0026395720190303578"
"finite_capacity_region_topic_printing_app_app12_TS0_class_Throughput","topic_printing_app_app12_TS0_class","0.010407270612059096"
"finite_capacity_region_topic_intrusiondetection_app_app6_AN1_class_Throughput","topic_intrusiondetection_app_app6_AN1_class","0.7571750219805726"
"finite_capacity_region_topic_energymanagement_app_app1_AN1_class_Throughput","topic_energymanagement_app_app1_AN1_class","0.04806252027456877"
"finite_capacity_region_topic_amazonecho_app_app8_AN1_class_Throughput","topic_amazonecho_app_app8_AN1_class","0.001418838873458423"
"finite_capacity_region_topic_intrusiondetection_app_app40_VS1_class_Throughput","topic_intrusiondetection_app_app40_VS1_class","0.7646044581141436"
"finite_capacity_region_Throughput","","14.53566679281299"
"finite_capacity_region_topic_firedetection_app_app30_RT1_class_Drop Rate","topic_firedetection_app_app30_RT1_class","7.26772905850177E-4"
"finite_capacity_region_topic_firedetection_app_app22_RT1_class_Drop Rate","topic_firedetection_app_app22_RT1_class","7.959893730740034E-4"
"finite_capacity_region_topic_energymanagement_app_app4_AN1_class_Drop Rate","topic_energymanagement_app_app4_AN1_class","0.014862493824726231"
"finite_capacity_region_topic_intrusiondetection_app_app45_VS1_class_Drop Rate","topic_intrusiondetection_app_app45_VS1_class","0.14584835310906907"
"finite_capacity_region_topic_amazonecho_app_app7_AN1_class_Drop Rate","topic_amazonecho_app_app7_AN1_class","2.7884253659333347E-4"
"finite_capacity_region_topic_smartthings_app_app1_AN1_class_Drop Rate","topic_smartthings_app_app1_AN1_class","5.742430659994401E-4"
"finite_capacity_region_topic_occupancymanagement_app_app48_VS1_class_Drop Rate","topic_occupancymanagement_app_app48_VS1_class","0.0010472043237397734"
"finite_capacity_region_topic_bms_app_app9_AN1_class_Drop Rate","topic_bms_app_app9_AN1_class","0.056905711227875966"
"finite_capacity_region_topic_amazonecho_app_app14_TS0_class_Drop Rate","topic_amazonecho_app_app14_TS0_class","3.717900487911113E-4"
"finite_capacity_region_topic_firedetection_app_app29_RT1_class_Drop Rate","topic_firedetection_app_app29_RT1_class","6.827644746922244E-4"
"finite_capacity_region_topic_printing_app_app18_TS0_class_Drop Rate","topic_printing_app_app18_TS0_class","0.0024359764792985794"
"finite_capacity_region_topic_videosurveillance_app_app35_RT1_class_Drop Rate","topic_videosurveillance_app_app35_RT1_class","0.0543631379469645"
"finite_capacity_region_topic_printing_app_app14_TS0_class_Drop Rate","topic_printing_app_app14_TS0_class","0.0023764036947209817"
"finite_capacity_region_topic_videosurveillance_app_app37_VS1_class_Drop Rate","topic_videosurveillance_app_app37_VS1_class","0.05470398345268563"
"finite_capacity_region_topic_smartthings_app_app11_TS0_class_Drop Rate","topic_smartthings_app_app11_TS0_class","5.240047259941177E-4"
"finite_capacity_region_topic_intrusiondetection_app_app24_RT1_class_Drop Rate","topic_intrusiondetection_app_app24_RT1_class","0.14571377794713128"
"finite_capacity_region_topic_occupancymanagement_app_app12_TS0_class_Drop Rate","topic_occupancymanagement_app_app12_TS0_class","0.0012915519992790538"
"finite_capacity_region_topic_amazonecho_app_app5_AN1_class_Drop Rate","topic_amazonecho_app_app5_AN1_class","3.717900487911113E-4"
"finite_capacity_region_topic_energymanagement_app_app6_AN1_class_Drop Rate","topic_energymanagement_app_app6_AN1_class","0.01621309866322479"
"finite_capacity_region_topic_occupancymanagement_app_app21_RT1_class_Drop Rate","topic_occupancymanagement_app_app21_RT1_class","0.0014019459162290717"
"finite_capacity_region_topic_smartthings_app_app3_AN1_class_Drop Rate","topic_smartthings_app_app3_AN1_class","6.975062813823691E-4"
"finite_capacity_region_topic_smartthings_app_app34_RT1_class_Drop Rate","topic_smartthings_app_app34_RT1_class","7.431380854110402E-4"
"finite_capacity_region_topic_intrusiondetection_app_app2_AN1_class_Drop Rate","topic_intrusiondetection_app_app2_AN1_class","0.1431028012416152"
"finite_capacity_region_topic_printing_app_app16_TS0_class_Drop Rate","topic_printing_app_app16_TS0_class","0.0021314794193862574"
"finite_capacity_region_topic_videosurveillance_app_app39_VS1_class_Drop Rate","topic_videosurveillance_app_app39_VS1_class","0.055118644323010876"
"finite_capacity_region_topic_occupancymanagement_app_app19_TS0_class_Drop Rate","topic_occupancymanagement_app_app19_TS0_class","0.0011170179453224248"
"finite_capacity_region_topic_energymanagement_app_app9_AN1_class_Drop Rate","topic_energymanagement_app_app9_AN1_class","0.01624687595210651"
"finite_capacity_region_topic_printing_app_app11_TS0_class_Drop Rate","topic_printing_app_app11_TS0_class","0.0020273903789725513"
"finite_capacity_region_topic_bms_app_app17_TS0_class_Drop Rate","topic_bms_app_app17_TS0_class","0.05589616977105456"
"finite_capacity_region_topic_intrusiondetection_app_app41_VS1_class_Drop Rate","topic_intrusiondetection_app_app41_VS1_class","0.14365784839475676"
"finite_capacity_region_topic_occupancymanagement_app_app44_VS1_class_Drop Rate","topic_occupancymanagement_app_app44_VS1_class","0.0012649667783519393"
"finite_capacity_region_topic_occupancymanagement_app_app8_AN1_class_Drop Rate","topic_occupancymanagement_app_app8_AN1_class","0.0010155206803158779"
"finite_capacity_region_topic_energymanagement_app_app32_RT1_class_Drop Rate","topic_energymanagement_app_app32_RT1_class","0.015504283330793954"
"finite_capacity_region_topic_firedetection_app_app33_RT1_class_Drop Rate","topic_firedetection_app_app33_RT1_class","8.60420394957585E-4"
"finite_capacity_region_topic_videosurveillance_app_app49_VS1_class_Drop Rate","topic_videosurveillance_app_app49_VS1_class","0.0534182789385753"
"finite_capacity_region_topic_bms_app_app27_RT1_class_Drop Rate","topic_bms_app_app27_RT1_class","0.057767108688067115"
"finite_capacity_region_topic_bms_app_app1_AN1_class_Drop Rate","topic_bms_app_app1_AN1_class","0.055307888019800605"
"finite_capacity_region_topic_energymanagement_app_app24_RT1_class_Drop Rate","topic_energymanagement_app_app24_RT1_class","0.01614631023379423"
"finite_capacity_region_topic_amazonecho_app_app21_RT1_class_Drop Rate","topic_amazonecho_app_app21_RT1_class","3.717900487911113E-4"
"finite_capacity_region_topic_occupancymanagement_app_app17_TS0_class_Drop Rate","topic_occupancymanagement_app_app17_TS0_class","0.001019001015894618"
"finite_capacity_region_topic_energymanagement_app_app7_AN1_class_Drop Rate","topic_energymanagement_app_app7_AN1_class","0.015233557285654961"
"finite_capacity_region_topic_amazonecho_app_app30_RT1_class_Drop Rate","topic_amazonecho_app_app30_RT1_class","3.034189145630904E-4"
"finite_capacity_region_topic_smartthings_app_app28_RT1_class_Drop Rate","topic_smartthings_app_app28_RT1_class","4.890710775945099E-4"
"finite_capacity_region_topic_energymanagement_app_app2_AN1_class_Drop Rate","topic_energymanagement_app_app2_AN1_class","0.01563888475223558"
"finite_capacity_region_topic_occupancymanagement_app_app50_VS1_class_Drop Rate","topic_occupancymanagement_app_app50_VS1_class","0.0013264588100703797"
"finite_capacity_region_topic_firedetection_app_app10_AN1_class_Drop Rate","topic_firedetection_app_app10_AN1_class","7.959893730740034E-4"
"finite_capacity_region_topic_printing_app_app13_TS0_class_Drop Rate","topic_printing_app_app13_TS0_class","0.0021963395772202636"
"finite_capacity_region_topic_energymanagement_app_app30_RT1_class_Drop Rate","topic_energymanagement_app_app30_RT1_class","0.01621309866322479"
"finite_capacity_region_topic_videosurveillance_app_app4_AN1_class_Drop Rate","topic_videosurveillance_app_app4_AN1_class","0.05389405402463847"
"finite_capacity_region_topic_smartthings_app_app8_AN1_class_Drop Rate","topic_smartthings_app_app8_AN1_class","6.98672967992157E-4"
"finite_capacity_region_topic_amazonecho_app_app32_RT1_class_Drop Rate","topic_amazonecho_app_app32_RT1_class","4.1749476385397836E-4"
"finite_capacity_region_topic_printing_app_app5_AN1_class_Drop Rate","topic_printing_app_app5_AN1_class","0.0021963395772202636"
"finite_capacity_region_topic_bms_app_app8_AN1_class_Drop Rate","topic_bms_app_app8_AN1_class","0.05827993904718231"
"finite_capacity_region_topic_intrusiondetection_app_app21_RT1_class_Drop Rate","topic_intrusiondetection_app_app21_RT1_class","0.14339932747658682"
"finite_capacity_region_topic_bms_app_app12_TS0_class_Drop Rate","topic_bms_app_app12_TS0_class","0.055842068544877714"
"finite_capacity_region_topic_videosurveillance_app_app7_AN1_class_Drop Rate","topic_videosurveillance_app_app7_AN1_class","0.05328671322883917"
"finite_capacity_region_topic_smartthings_app_app14_TS0_class_Drop Rate","topic_smartthings_app_app14_TS0_class","5.938720227933335E-4"
"finite_capacity_region_topic_printing_app_app17_TS0_class_Drop Rate","topic_printing_app_app17_TS0_class","0.002263919256519349"
"finite_capacity_region_topic_printing_app_app15_TS0_class_Drop Rate","topic_printing_app_app15_TS0_class","0.0026519287607755884"
"finite_capacity_region_topic_videosurveillance_app_app36_VS1_class_Drop Rate","topic_videosurveillance_app_app36_VS1_class","0.053553258796916615"
"finite_capacity_region_topic_energymanagement_app_app3_AN1_class_Drop Rate","topic_energymanagement_app_app3_AN1_class","0.015268059049529274"
"finite_capacity_region_topic_videosurveillance_app_app50_VS1_class_Drop Rate","topic_videosurveillance_app_app50_VS1_class","0.054531862769891144"
"finite_capacity_region_topic_videosurveillance_app_app10_AN1_class_Drop Rate","topic_videosurveillance_app_app10_AN1_class","0.054973959928701355"
"finite_capacity_region_topic_videosurveillance_app_app26_RT1_class_Drop Rate","topic_videosurveillance_app_app26_RT1_class","0.05413028344115223"
"finite_capacity_region_topic_smartthings_app_app35_RT1_class_Drop Rate","topic_smartthings_app_app35_RT1_class","5.231297110367768E-4"
"finite_capacity_region_topic_energymanagement_app_app12_TS0_class_Drop Rate","topic_energymanagement_app_app12_TS0_class","0.015639626858256754"
"finite_capacity_region_topic_amazonecho_app_app10_AN1_class_Drop Rate","topic_amazonecho_app_app10_AN1_class","1.8205134873785426E-4"
"finite_capacity_region_topic_videosurveillance_app_app38_VS1_class_Drop Rate","topic_videosurveillance_app_app38_VS1_class","0.0530841245965913"
"finite_capacity_region_topic_occupancymanagement_app_app42_VS1_class_Drop Rate","topic_occupancymanagement_app_app42_VS1_class","9.42483891365796E-4"
"finite_capacity_region_topic_firedetection_app_app1_AN1_class_Drop Rate","topic_firedetection_app_app1_AN1_class","6.024392423754923E-4"
"finite_capacity_region_topic_smartthings_app_app21_RT1_class_Drop Rate","topic_smartthings_app_app21_RT1_class","7.323815954514874E-4"
"finite_capacity_region_topic_occupancymanagement_app_app34_RT1_class_Drop Rate","topic_occupancymanagement_app_app34_RT1_class","0.0011170179453224248"
"finite_capacity_region_topic_firedetection_app_app31_RT1_class_Drop Rate","topic_firedetection_app_app31_RT1_class","9.237401716424213E-4"
"finite_capacity_region_topic_bms_app_app19_TS0_class_Drop Rate","topic_bms_app_app19_TS0_class","0.05484734513960179"
"finite_capacity_region_topic_occupancymanagement_app_app5_AN1_class_Drop Rate","topic_occupancymanagement_app_app5_AN1_class","0.0010821111345310991"
"finite_capacity_region_topic_energymanagement_app_app10_AN1_class_Drop Rate","topic_energymanagement_app_app10_AN1_class","0.015403174616339265"
"finite_capacity_region_topic_energymanagement_app_app5_AN1_class_Drop Rate","topic_energymanagement_app_app5_AN1_class","0.01563888475223558"
"finite_capacity_region_topic_printing_app_app20_TS0_class_Drop Rate","topic_printing_app_app20_TS0_class","0.002514614394565942"
"finite_capacity_region_topic_printing_app_app2_AN1_class_Drop Rate","topic_printing_app_app2_AN1_class","0.0024245598994596584"
"finite_capacity_region_topic_bms_app_app10_AN1_class_Drop Rate","topic_bms_app_app10_AN1_class","0.05357479084790058"
"finite_capacity_region_topic_energymanagement_app_app8_AN1_class_Drop Rate","topic_energymanagement_app_app8_AN1_class","0.015469998307826988"
"finite_capacity_region_topic_bms_app_app2_AN1_class_Drop Rate","topic_bms_app_app2_AN1_class","0.05524039822355924"
"finite_capacity_region_topic_videosurveillance_app_app46_VS1_class_Drop Rate","topic_videosurveillance_app_app46_VS1_class","0.054275384688555736"
"finite_capacity_region_topic_amazonecho_app_app19_TS0_class_Drop Rate","topic_amazonecho_app_app19_TS0_class","2.7884253659333347E-4"
"finite_capacity_region_topic_energymanagement_app_app33_RT1_class_Drop Rate","topic_energymanagement_app_app33_RT1_class","0.01506467084124637"
"finite_capacity_region_topic_firedetection_app_app25_RT1_class_Drop Rate","topic_firedetection_app_app25_RT1_class","7.613811394620902E-4"
"finite_capacity_region_topic_occupancymanagement_app_app43_VS1_class_Drop Rate","topic_occupancymanagement_app_app43_VS1_class","0.001089276948025281"
"finite_capacity_region_topic_firedetection_app_app7_AN1_class_Drop Rate","topic_firedetection_app_app7_AN1_class","6.921646722382639E-4"
"finite_capacity_region_topic_smartthings_app_app9_AN1_class_Drop Rate","topic_smartthings_app_app9_AN1_class","6.755800776464001E-4"
"finite_capacity_region_topic_intrusiondetection_app_app47_VS1_class_Drop Rate","topic_intrusiondetection_app_app47_VS1_class","0.1418708228124906"
"finite_capacity_region_topic_printing_app_app4_AN1_class_Drop Rate","topic_printing_app_app4_AN1_class","0.0023006444526708805"
"finite_capacity_region_topic_bms_app_app30_RT1_class_Drop Rate","topic_bms_app_app30_RT1_class","0.05454827010582488"
"finite_capacity_region_topic_intrusiondetection_app_app36_VS1_class_Drop Rate","topic_intrusiondetection_app_app36_VS1_class","0.1411870419808056"
"finite_capacity_region_topic_amazonecho_app_app27_RT1_class_Drop Rate","topic_amazonecho_app_app27_RT1_class","2.4273513165047234E-4"
"finite_capacity_region_topic_firedetection_app_app23_RT1_class_Drop Rate","topic_firedetection_app_app23_RT1_class","8.652058402978299E-4"
"finite_capacity_region_topic_printing_app_app12_TS0_class_Drop Rate","topic_printing_app_app12_TS0_class","0.002402143472641655"
"finite_capacity_region_topic_intrusiondetection_app_app6_AN1_class_Drop Rate","topic_intrusiondetection_app_app6_AN1_class","0.14438368011231248"
"finite_capacity_region_topic_energymanagement_app_app1_AN1_class_Drop Rate","topic_energymanagement_app_app1_AN1_class","0.014963829009894817"
"finite_capacity_region_topic_amazonecho_app_app8_AN1_class_Drop Rate","topic_amazonecho_app_app8_AN1_class","5.12501566754261E-4"
"finite_capacity_region_topic_intrusiondetection_app_app40_VS1_class_Drop Rate","topic_intrusiondetection_app_app40_VS1_class","0.14270106329177137"
"finite_capacity_region_topic_firedetection_app_app30_RT1_class_Utilization","topic_firedetection_app_app30_RT1_class","0.0"
"finite_capacity_region_topic_firedetection_app_app22_RT1_class_Utilization","topic_firedetection_app_app22_RT1_class","0.0"
"finite_capacity_region_topic_energymanagement_app_app4_AN1_class_Utilization","topic_energymanagement_app_app4_AN1_class","0.0"
"finite_capacity_region_topic_intrusiondetection_app_app45_VS1_class_Utilization","topic_intrusiondetection_app_app45_VS1_class","0.0"
"finite_capacity_region_topic_amazonecho_app_app7_AN1_class_Utilization","topic_amazonecho_app_app7_AN1_class","0.0"
"finite_capacity_region_topic_smartthings_app_app1_AN1_class_Utilization","topic_smartthings_app_app1_AN1_class","0.0"
"finite_capacity_region_topic_occupancymanagement_app_app48_VS1_class_Utilization","topic_occupancymanagement_app_app48_VS1_class","0.0"
"finite_capacity_region_topic_bms_app_app9_AN1_class_Utilization","topic_bms_app_app9_AN1_class","0.0"
"finite_capacity_region_topic_amazonecho_app_app14_TS0_class_Utilization","topic_amazonecho_app_app14_TS0_class","0.0"
"finite_capacity_region_topic_firedetection_app_app29_RT1_class_Utilization","topic_firedetection_app_app29_RT1_class","0.0"
"finite_capacity_region_topic_printing_app_app18_TS0_class_Utilization","topic_printing_app_app18_TS0_class","0.0"
"finite_capacity_region_topic_videosurveillance_app_app35_RT1_class_Utilization","topic_videosurveillance_app_app35_RT1_class","0.0"
"finite_capacity_region_topic_printing_app_app14_TS0_class_Utilization","topic_printing_app_app14_TS0_class","0.0"
"finite_capacity_region_topic_videosurveillance_app_app37_VS1_class_Utilization","topic_videosurveillance_app_app37_VS1_class","0.0"
"finite_capacity_region_topic_smartthings_app_app11_TS0_class_Utilization","topic_smartthings_app_app11_TS0_class","0.0"
"finite_capacity_region_topic_intrusiondetection_app_app24_RT1_class_Utilization","topic_intrusiondetection_app_app24_RT1_class","0.0"
"finite_capacity_region_topic_occupancymanagement_app_app12_TS0_class_Utilization","topic_occupancymanagement_app_app12_TS0_class","0.0"
"finite_capacity_region_topic_amazonecho_app_app5_AN1_class_Utilization","topic_amazonecho_app_app5_AN1_class","0.0"
"finite_capacity_region_topic_energymanagement_app_app6_AN1_class_Utilization","topic_energymanagement_app_app6_AN1_class","0.0"
"finite_capacity_region_topic_occupancymanagement_app_app21_RT1_class_Utilization","topic_occupancymanagement_app_app21_RT1_class","0.0"
"finite_capacity_region_topic_smartthings_app_app3_AN1_class_Utilization","topic_smartthings_app_app3_AN1_class","0.0"
"finite_capacity_region_topic_smartthings_app_app34_RT1_class_Utilization","topic_smartthings_app_app34_RT1_class","0.0"
"finite_capacity_region_topic_intrusiondetection_app_app2_AN1_class_Utilization","topic_intrusiondetection_app_app2_AN1_class","0.0"
"finite_capacity_region_topic_printing_app_app16_TS0_class_Utilization","topic_printing_app_app16_TS0_class","0.0"
"finite_capacity_region_topic_videosurveillance_app_app39_VS1_class_Utilization","topic_videosurveillance_app_app39_VS1_class","0.0"
"finite_capacity_region_topic_occupancymanagement_app_app19_TS0_class_Utilization","topic_occupancymanagement_app_app19_TS0_class","0.0"
"finite_capacity_region_topic_energymanagement_app_app9_AN1_class_Utilization","topic_energymanagement_app_app9_AN1_class","0.0"
"finite_capacity_region_topic_printing_app_app11_TS0_class_Utilization","topic_printing_app_app11_TS0_class","0.0"
"finite_capacity_region_topic_bms_app_app17_TS0_class_Utilization","topic_bms_app_app17_TS0_class","0.0"
"finite_capacity_region_topic_intrusiondetection_app_app41_VS1_class_Utilization","topic_intrusiondetection_app_app41_VS1_class","0.0"
"finite_capacity_region_topic_occupancymanagement_app_app44_VS1_class_Utilization","topic_occupancymanagement_app_app44_VS1_class","0.0"
"finite_capacity_region_topic_occupancymanagement_app_app8_AN1_class_Utilization","topic_occupancymanagement_app_app8_AN1_class","0.0"
"finite_capacity_region_topic_energymanagement_app_app32_RT1_class_Utilization","topic_energymanagement_app_app32_RT1_class","0.0"
"finite_capacity_region_topic_firedetection_app_app33_RT1_class_Utilization","topic_firedetection_app_app33_RT1_class","0.0"
"finite_capacity_region_topic_videosurveillance_app_app49_VS1_class_Utilization","topic_videosurveillance_app_app49_VS1_class","0.0"
"finite_capacity_region_topic_bms_app_app27_RT1_class_Utilization","topic_bms_app_app27_RT1_class","0.0"
"finite_capacity_region_topic_bms_app_app1_AN1_class_Utilization","topic_bms_app_app1_AN1_class","0.0"
"finite_capacity_region_topic_energymanagement_app_app24_RT1_class_Utilization","topic_energymanagement_app_app24_RT1_class","0.0"
"finite_capacity_region_topic_amazonecho_app_app21_RT1_class_Utilization","topic_amazonecho_app_app21_RT1_class","0.0"
"finite_capacity_region_topic_occupancymanagement_app_app17_TS0_class_Utilization","topic_occupancymanagement_app_app17_TS0_class","0.0"
"finite_capacity_region_topic_energymanagement_app_app7_AN1_class_Utilization","topic_energymanagement_app_app7_AN1_class","0.0"
"finite_capacity_region_topic_amazonecho_app_app30_RT1_class_Utilization","topic_amazonecho_app_app30_RT1_class","0.0"
"finite_capacity_region_topic_smartthings_app_app28_RT1_class_Utilization","topic_smartthings_app_app28_RT1_class","0.0"
"finite_capacity_region_topic_energymanagement_app_app2_AN1_class_Utilization","topic_energymanagement_app_app2_AN1_class","0.0"
"finite_capacity_region_topic_occupancymanagement_app_app50_VS1_class_Utilization","topic_occupancymanagement_app_app50_VS1_class","0.0"
"finite_capacity_region_topic_firedetection_app_app10_AN1_class_Utilization","topic_firedetection_app_app10_AN1_class","0.0"
"finite_capacity_region_topic_printing_app_app13_TS0_class_Utilization","topic_printing_app_app13_TS0_class","0.0"
"finite_capacity_region_topic_energymanagement_app_app30_RT1_class_Utilization","topic_energymanagement_app_app30_RT1_class","0.0"
"finite_capacity_region_topic_videosurveillance_app_app4_AN1_class_Utilization","topic_videosurveillance_app_app4_AN1_class","0.0"
"finite_capacity_region_topic_smartthings_app_app8_AN1_class_Utilization","topic_smartthings_app_app8_AN1_class","0.0"
"finite_capacity_region_topic_amazonecho_app_app32_RT1_class_Utilization","topic_amazonecho_app_app32_RT1_class","0.0"
"finite_capacity_region_topic_printing_app_app5_AN1_class_Utilization","topic_printing_app_app5_AN1_class","0.0"
"finite_capacity_region_topic_bms_app_app8_AN1_class_Utilization","topic_bms_app_app8_AN1_class","0.0"
"finite_capacity_region_topic_intrusiondetection_app_app21_RT1_class_Utilization","topic_intrusiondetection_app_app21_RT1_class","0.0"
"finite_capacity_region_topic_bms_app_app12_TS0_class_Utilization","topic_bms_app_app12_TS0_class","0.0"
"finite_capacity_region_topic_videosurveillance_app_app7_AN1_class_Utilization","topic_videosurveillance_app_app7_AN1_class","0.0"
"finite_capacity_region_topic_smartthings_app_app14_TS0_class_Utilization","topic_smartthings_app_app14_TS0_class","0.0"
"finite_capacity_region_topic_printing_app_app17_TS0_class_Utilization","topic_printing_app_app17_TS0_class","0.0"
"finite_capacity_region_topic_printing_app_app15_TS0_class_Utilization","topic_printing_app_app15_TS0_class","0.0"
"finite_capacity_region_topic_videosurveillance_app_app36_VS1_class_Utilization","topic_videosurveillance_app_app36_VS1_class","0.0"
"finite_capacity_region_topic_energymanagement_app_app3_AN1_class_Utilization","topic_energymanagement_app_app3_AN1_class","0.0"
"finite_capacity_region_topic_videosurveillance_app_app50_VS1_class_Utilization","topic_videosurveillance_app_app50_VS1_class","0.0"
"finite_capacity_region_topic_videosurveillance_app_app10_AN1_class_Utilization","topic_videosurveillance_app_app10_AN1_class","0.0"
"finite_capacity_region_topic_videosurveillance_app_app26_RT1_class_Utilization","topic_videosurveillance_app_app26_RT1_class","0.0"
"finite_capacity_region_topic_smartthings_app_app35_RT1_class_Utilization","topic_smartthings_app_app35_RT1_class","0.0"
"finite_capacity_region_topic_energymanagement_app_app12_TS0_class_Utilization","topic_energymanagement_app_app12_TS0_class","0.0"
"finite_capacity_region_topic_amazonecho_app_app10_AN1_class_Utilization","topic_amazonecho_app_app10_AN1_class","0.0"
"finite_capacity_region_topic_videosurveillance_app_app38_VS1_class_Utilization","topic_videosurveillance_app_app38_VS1_class","0.0"
"finite_capacity_region_topic_occupancymanagement_app_app42_VS1_class_Utilization","topic_occupancymanagement_app_app42_VS1_class","0.0"
"finite_capacity_region_topic_firedetection_app_app1_AN1_class_Utilization","topic_firedetection_app_app1_AN1_class","0.0"
"finite_capacity_region_topic_smartthings_app_app21_RT1_class_Utilization","topic_smartthings_app_app21_RT1_class","0.0"
"finite_capacity_region_topic_occupancymanagement_app_app34_RT1_class_Utilization","topic_occupancymanagement_app_app34_RT1_class","0.0"
"finite_capacity_region_topic_firedetection_app_app31_RT1_class_Utilization","topic_firedetection_app_app31_RT1_class","0.0"
"finite_capacity_region_topic_bms_app_app19_TS0_class_Utilization","topic_bms_app_app19_TS0_class","0.0"
"finite_capacity_region_topic_occupancymanagement_app_app5_AN1_class_Utilization","topic_occupancymanagement_app_app5_AN1_class","0.0"
"finite_capacity_region_topic_energymanagement_app_app10_AN1_class_Utilization","topic_energymanagement_app_app10_AN1_class","0.0"
"finite_capacity_region_topic_energymanagement_app_app5_AN1_class_Utilization","topic_energymanagement_app_app5_AN1_class","0.0"
"finite_capacity_region_topic_printing_app_app20_TS0_class_Utilization","topic_printing_app_app20_TS0_class","0.0"
"finite_capacity_region_topic_printing_app_app2_AN1_class_Utilization","topic_printing_app_app2_AN1_class","0.0"
"finite_capacity_region_topic_bms_app_app10_AN1_class_Utilization","topic_bms_app_app10_AN1_class","0.0"
"finite_capacity_region_topic_energymanagement_app_app8_AN1_class_Utilization","topic_energymanagement_app_app8_AN1_class","0.0"
"finite_capacity_region_topic_bms_app_app2_AN1_class_Utilization","topic_bms_app_app2_AN1_class","0.0"
"finite_capacity_region_topic_videosurveillance_app_app46_VS1_class_Utilization","topic_videosurveillance_app_app46_VS1_class","0.0"
"finite_capacity_region_topic_amazonecho_app_app19_TS0_class_Utilization","topic_amazonecho_app_app19_TS0_class","0.0"
"finite_capacity_region_topic_energymanagement_app_app33_RT1_class_Utilization","topic_energymanagement_app_app33_RT1_class","0.0"
"finite_capacity_region_topic_firedetection_app_app25_RT1_class_Utilization","topic_firedetection_app_app25_RT1_class","0.0"
"finite_capacity_region_topic_occupancymanagement_app_app43_VS1_class_Utilization","topic_occupancymanagement_app_app43_VS1_class","0.0"
"finite_capacity_region_topic_firedetection_app_app7_AN1_class_Utilization","topic_firedetection_app_app7_AN1_class","0.0"
"finite_capacity_region_topic_smartthings_app_app9_AN1_class_Utilization","topic_smartthings_app_app9_AN1_class","0.0"
"finite_capacity_region_topic_intrusiondetection_app_app47_VS1_class_Utilization","topic_intrusiondetection_app_app47_VS1_class","0.0"
"finite_capacity_region_topic_printing_app_app4_AN1_class_Utilization","topic_printing_app_app4_AN1_class","0.0"
"finite_capacity_region_topic_bms_app_app30_RT1_class_Utilization","topic_bms_app_app30_RT1_class","0.0"
"finite_capacity_region_topic_intrusiondetection_app_app36_VS1_class_Utilization","topic_intrusiondetection_app_app36_VS1_class","0.0"
"finite_capacity_region_topic_amazonecho_app_app27_RT1_class_Utilization","topic_amazonecho_app_app27_RT1_class","0.0"
"finite_capacity_region_topic_firedetection_app_app23_RT1_class_Utilization","topic_firedetection_app_app23_RT1_class","0.0"
"finite_capacity_region_topic_printing_app_app12_TS0_class_Utilization","topic_printing_app_app12_TS0_class","0.0"
"finite_capacity_region_topic_intrusiondetection_app_app6_AN1_class_Utilization","topic_intrusiondetection_app_app6_AN1_class","0.0"
"finite_capacity_region_topic_energymanagement_app_app1_AN1_class_Utilization","topic_energymanagement_app_app1_AN1_class","0.0"
"finite_capacity_region_topic_amazonecho_app_app8_AN1_class_Utilization","topic_amazonecho_app_app8_AN1_class","0.0"
"finite_capacity_region_topic_intrusiondetection_app_app40_VS1_class_Utilization","topic_intrusiondetection_app_app40_VS1_class","0.0"
"finite_capacity_region_Utilization","","0.0"
